vowels,surface
<BOS> uaa e iu i aa oau <NAN> aa ii e e ioi e uaua ua ae eae a oai e e <NAN> o a u e e a au e a ao a a e a e e oa ui uaua ua aue aae oo e iu <NAN> o a <NAN> <NAN> <NAN> <NAN> <NAN> io oaaa e e a ua a ae a  a a <NAN> <NAN> <NAN> <NAN> <NAN> oa eai a oo aa ia e oa i a e a a i a ieu i a i a ieu oae o aa u <EOS>,"<BOS> くだら ねえ いつ に なりゃ 終わる ？ なんか 死に て え 気持ち で ブラブラ ブラ 残念 手前 じゃ 所在 ね え アジャラカモクレンテケレッツ の パー う ぜ え じゃ らく へ た タコ が やっ て らん ね え 与太 吹き ブラブラ ブラ 悪銭 抱え どこ へ 行く アジャラカモクレンテケレッツ の パー Yeah , yeahPlease , pleasehelpme ちっと こんがらがっ て 目 が 眩ん だ だけ な ん だ わ Yeah , yeahPlease , pleasehelpme そんな けったい な こと ばっか 言わ んで 容赦 し た って や あぁ 火 が 消える 火 が 火 が 消える 夜明け を 待た ず <EOS>"
<BOS> aaiuei aai a ii aoa o oi e aeaau aoi aai iai o ai aea a o e iu au a uu ae a au aaa i ai ai iue a o a iia oi aia o aeu a a auia aa a ai aa ae a oa i ae o ao u aeua ue o eai a aa ooo aoa e aaa i ooe <EOS>,<BOS> 曲りくねり はしゃい だ 道 青葉 の 森 で 駆け回る 遊び まわり 日差し の 街 誰か が 呼ん で いる 夏 が 来る 影 が 立つ あなた に 会い たい 見つけ た の は いちばん 星 明日 も 晴れる か な パプリカ 花 が 咲い たら 晴れ た 空 に 種 を 蒔こ う ハレルヤ 夢 を 描い た なら 心 遊ば せ あなた に とどけ <EOS>
<BOS> uo uo uo oi o i e i a oe e aoaa aaa o oo a ai oi o aieu ei a ooi oi o oai i <NAN> ooai i ua ooe ai aa aai oa o i e i ai a aio uai aa aueu o a iei a ao aai ao u oe a iu o aa u ae a eeuaiu uoui au iiaai oa uaaai eia ao o oiai a oi <NAN> o ou e aaiu a a e oo ooi a ai aaa a iue a iai i aai o i ai <EOS>,<BOS> ずっと ずっと ずっと 恋 を し て い た これ で さよなら あなた の こと が 何 より も 大切 でし た 望み 通り の 終わり じ ゃなかったあなたはどうですか 友達 に すら 戻れ ない から 私 空 を 見 て い まし た 最後 くらい また 春めく よう な 綺麗 な さよう ならし ましょ う それ は 水 も やら ず 枯れ た エーデルワイス 黒ずみ 出す 耳飾り こんな つまらない 映画 など もう おしまい な のに エンドロール の 途中 で 悲しく なっ た ねぇ この 想い は 何 あなた が 見据え た 未来 に 私 も 居 たい <EOS>
<BOS> ue o uui o iu ae o aai e i a aaeu ai o aa e ua <NAN> u oi ua oou o auae e oiau ai ioi oo ae o e iu  ao u uai a aai iue uueu o a ae a o iai i iui aa a iaua ai a o ee a ai a a e o ae o oiuiu aoaa aa aeu a a eaaaae o ai a aa uui e u ae o ii e ai iu a ie u i ueu oe iua a ae i oe ieu aa a oa uai a ae a aeu o a iau a a ii i aoi uue au o i uue ao o ei o iui a i ai <EOS>,<BOS> 夢 の 続き を いつ まで も 探し て い た あまねく 町 の 側 で 揺 蕩 う 路地 裏 広告 を 携え て 飛び立つ 紙 飛行機 何処 まで 飛ん で 行く ん だろ う 虚し さ ばっかり 見つめ 続ける の は 誰 か の 痛み に 気づき たかっ た ひたすら 何 か を 得れ ば 何 か が 目 の 前 を 通り過ぎる さよなら また 会える か な 背中合わせ の 旅 は まだ 続い て く 誰 も 知り 得 ない 傷 が 癒え ず に 増える どうせ いつか は 風 に 溶け 消える なら ば 今夜 くらい は 羽 が 生える よう な 身軽 さ が 君 に 宿り 続け ます よう に むくれ 顔 の 蛇 も 気づき は し ない <EOS>
<BOS> iu e iu aae o au aui o ua u i aui a aaa o ouoo e iiu ii ai ai o uou aa aiau a ai oe a au o ai ae ie ai aa o ooo e iouiou au i a ae i oau oo a oo oe a ai a aee a ao ou o a ou a ia aa a oeo aa o aae o aa iou ae aiaeu uai i aaai a ueu ou a oau iai a <EOS>,<BOS> 歪ん で 傷 だらけ の 春 麻酔 も 打た ず に 歩い た 体 の 奥底 で 響く 生き 足り ない と 強く まだ 味わう さ 噛み 終え た ガム の 味 覚め きれ ない まま の 心 で ひとつひとつ 無く し た 果て に ようやく 残っ た もの これ が 愛 じゃ なけれ ば 何と 呼ぶ の か 僕 は 知ら なかっ た 呼べよ 花 の 名前 を ただ ひとつ だけ 張り裂ける くらい に 鼻先 が 触れる 呼吸 が 止まる 痛み は <EOS>
<BOS> ue aa a oeoo oa a eo u iaai aaa o oo o ue i iu aue a oo o oi i aeu o i uui a ooie o ooi o aau ooa ai iaae a au oo o aio i aaa a oie e ue a ie u i aui e a <NAN> i ao o aaa a i aa eie i <NAN> ia a io o oe io iuuu oo ao ai a i ai o aa e iu ao i o aaii ae ao i o uuii ae oo uee o aii e a aaa oooi <EOS>,<BOS> 夢 なら ば どれほど よかっ た でしょ う 未だに あなた の こと を 夢 に みる 忘れ た 物 を 取り に 帰る よう に 古び た 思い出 の 埃 を 払う 戻ら ない 幸せ が ある こと を 最後 に あなた が 教え て くれ た 言え ず に 隠し て た 昏 い 過去 も あなた が い なきゃ 永遠 に 昏 いま ま きっと もう これ 以上 傷つく こと など あり は し ない と わかっ て いる あの 日 の 悲しみ さえ あの 日 の 苦しみ さえ その すべて を 愛し て た あなた とともに <EOS>
<BOS> ieai ai ou o oai uue a iaa uei aai aa e uaiu e oa a a <NAN> uia a uoi o ai a ai a ai ai iu oo e i ai i a e uai o a o i a oai o iaa a io u o ai o aae ai o iaei o aue e o a o aa iiu o oou o oa i ai ia e a ou eo oua u o aai e aai au ae i o ia e ai aa aa iu o oo iaei o ae uuo u i i e uaau ae oie ou o oua i ioi o aa io u ae o oiue ai uai o uio e iaua o o i ii e i ai ae oae a o i ai <NAN> ei a ia ai <EOS>,<BOS> 逃げ出し たい 夜 の 往来 行方 は 未だ 不明 回り 回っ て 虚しくっ て 困っ ちゃっ た ワンワンワン 失っ た つもり も ない が 何 か 足り ない 気分 ちょっと 変 に ハイ に なっ て 吹かし 込ん だ 四 輪 車 兄弟 よ 如何 か しよ う もう 何 も 考え ない 様 銀河系 の 外れ へ と さ よう なら 真実 も 道徳 も 動作 し ない イカ れ た 夜 でも 僕ら 手 を 叩い て 笑い 合う 誰 に も 知ら れ ない まま たった 一瞬 の この きらめき を 食べ 尽くそ う 二 人 で くたばる まで そして 幸運 を 僕ら に 祈り を まだ 行こ う 誰 も 追いつけ ない くらい の スピード で 稲妻 の 様 に 生き て い たい だけ お前 は どう し たい ？ 返事 は いら ない <EOS>
<BOS> aaiuei aai a ii aoa o oi e aeaau aoi aai iai o ai aea a o eu au a uu ae a au aaa i ai ai iue a o a iia oi aia o aeu a a auia aa a ai aa ae a oa i ae o ao u aeua ue o eai a aa ooo aoa e aaa i ooe <EOS>,<BOS> 曲がりくねり はしゃい だ 道 青葉 の 森 で 駆け回る 遊び まわり 日差し の 街 誰か が 呼ん でる 夏 が 来る 影 が 立つ あなた に 会い たい 見つけ た の は いちばん 星 明日 も 晴れる か な パプリカ 花 が 咲い たら 晴れ た 空 に 種 を 蒔こ う ハレルヤ 夢 を 描い た なら 心 遊ば せ あなた に とどけ <EOS>
<BOS> ue aa a oeoo oa a eo u iaai aaa o oo o ue i iu aue a oo o oi i aeu o i uui a ooie o ooi o aau ooa ai iaae a au oo o aio i aaa a oie e ue a ie u i aui e a <NAN> i ao o aaa a i aa eie i <NAN> ia a io o oe io iuuu oo ao ai a i ai o aa e iu ao i o aaii ae ao i o uuii ae oo uee o aii e a aaa oooi ue i ooi aae ai iai eo o ioi <EOS>,<BOS> 夢 なら ば どれほど よかっ た でしょ う 未だに あなた の こと を 夢 に みる 忘れ た 物 を 取り に 帰る よう に 古び た 思い出 の 埃 を 払う 戻ら ない 幸せ が ある こと を 最後 に あなた が 教え て くれ た 言え ず に 隠し て た 昏 い 過去 も あなた が い なきゃ 永遠 に 昏 いま ま きっと もう これ 以上 傷つく こと など あり は し ない と わかっ て いる あの 日 の 悲しみ さえ あの 日 の 苦しみ さえ その すべて を 愛し て た あなた とともに 胸 に 残り 離れ ない 苦い レモン の 匂い <EOS>
<BOS> iua oua o ue o ueue i oi ui e i a ao ioi o uii a uai i ooe eu ii o ai oi aea uaiau e ai a i o ou i aa uou ai ai o ea e a oo ae i iuo a ui o aaiooe e i a aou a uei a aaa e iu oie oe a iu o i a ou o ae i aaaeu oie aa iu oo iu ii a eiu aa o eo ii o ooe a oo ooo o oiio ou e ie ou e ie o ou o aa e ae a a uau o io o ai oo eueu i i u ae e o aai a ii a ioo aaia ai o i aaeu oa io i au ae o ua <EOS>,<BOS> いつか 僕ら の 上 を スレスレ に 通り すぎ て いっ た あの 飛行機 を 不思議 な くらい に 憶え てる 意味 も ない のに 何故か 不甲斐なく て 泣い た 日 の 夜 に ただ 強く なり たい と 願っ て た その ため に 必要 な 勇気 を 探し求め て い た 残酷 な 運命 が 定まっ て いる として それ が いつ の 日 か 僕 の 前 に 現れる として ただ 一瞬 この 一瞬 息 が できる なら どう でも いい と 思え た その 心 を もう一度 遠く へ 行け 遠く へ 行け と 僕 の 中 で 誰 か が 歌う どう しよう も ない ほど 熱烈 に い つ だって 目 を 腫らし た 君 が 二度と 悲しま ない よう に 笑える そんな ヒーロー に なる ため の 歌 <EOS>
<BOS> oiai i uaii aaii i aaaai aauoi ae a ai ie o ai ai i ei aa aai eaea i aae ai oo <NAN> a ooiai aaueai o ai aai aa ai i oiaai aai ai eueo o a aii i uuaaui ei i aaa <NAN> ua uaua <NAN> uaio aaaa a <NAN> ua uaua <NAN> uaio oou aa uaua aa e o aea ai aii a o io aa ooi e aio ai i a oo aii i i e o eoi aiaai <EOS>,<BOS> 宵闇 に 爪弾き 悲しみ に 雨曝し 花曇り 枯れ た 街 にべ も なし 侘び し げに 鼻 垂らし へらへら り 笑え ない この チンケ な 泥仕合 唐紅 の 髪 飾り あら まし き 恋敵 触り たい ベルベット の ま なじり に 薄ら寒い 笑み に あなた ( ふら ふらふら ) フラミンゴ 鮮やか な ( ふら ふらふら ) フラミンゴ 踊る まま ふらふら 笑っ て もう 帰ら ない 寂し さ と 嫉妬 ばっか 残し て 毎度 あり 次 は もっと 大事 に し て 御 目通り 有難し <EOS>
<BOS> aaiu e eoai a ie o uou ae  aeu iai i ui o ae e aii au e aiui a ooue uau oo o a aai i uuuiu e a ia o u e aao o uu i aaai oouaa iaae a uuoe e uau ou ou iue e i a ie oi o ai ae aa aae o ooo aaaa e e oo uaa o i u ae ou a oiae e i a  a ooau o i e o uaui e uiai e iu iai o iae i ai a iaai a ia o au o a e iu <EOS>,<BOS> 悲しくっ て 蹴飛ばし た 地面 を 強く 跳ね っ 返る 光 に 指 を 立て て 愛し たく て 噛み付い た 喉笛 深く その 様 が あんまり に 美しく て さあ 舌 を 打っ て 曠野 の 中風 に 抗い 夜もすがら 嗄れ た 産声 で 歌う 遠く 遠く 見据え て い た 凍て 星 の 先 まで 痣 だらけ の 心 輝か せ て その 姿 を い つ だって 僕 は 追いかけ て い た ん だ 転がる よう に 線 を 貫い て 突き刺し て いく 切っ先 を 日陰 に 咲い た ひまわり が 今 も 夏 を 待っ て いる <EOS>
<BOS> <NAN> ue o i e i a ii o ao i ai a io o aa oo ai a aai uueu aaa u o ii o ooi e aiu o ui e euu eo <NAN> a ai ao i i ooi o euau oua o eio e oou <NAN> ia ae oiui e iu ao io o iu oi aai o e a ooe e uu o eo u oiae i iuaei aai a aa ii e uu eo u oau i ae oiou o i ii o ooe e i ai <NAN> <EOS>,<BOS> カムパネルラ 夢 を 見 て い た 君 の あと に 咲い た リンドウ の 花 この 街 は 変わり 続ける 計ら ず も 君 を 残し て 真昼 の 海 で 眠る 月光 蟲戻 ら ない あの 日 に 想い を 巡らす オルガン の 音色 で 踊る スタチュー 時間 だけ 通り過ぎ て いく あの 人 の 言う 通り わたし の 手 は 汚れ て ゆく の でしょ う 追い風 に 翻り わたし は まだ 生き て ゆく でしょ う 終わる 日 まで 寄り添う よう に 君 を 憶え て い たい カムパネルラ <EOS>
<BOS> aaiu e oio a ooa uo o iuie ia iaa e aeai a ooa io o aeu oo a ai ooa i uu o uo uau a e aai i uu o aaua i a e oo o oo a iou o au e uaiai a aii eu o ii aia i ae a aiai i au a ie ai ou a ai i ai o a aoou ai o aaa oooi oi e iu o a aaa e o aau eai o ae ioio o ooiai a oe ae uuuii eeoo <EOS>,<BOS> 悲しく て 飲み込ん だ 言葉 ずっと 後 について きた 苛立っ て 投げ出し た 言葉 きっと もう 帰る こと は ない 言葉 に する と 嘘 くさく なっ て 形 に する と あやふや に なっ て 丁度 の もの は ひとつ も なく て 不甲斐ない や 愛し てる よ ビビ 明日 に なれ ば バイバイ し なく ちゃ いけ ない 僕 だ 灰 に なり そう な まどろむ 街 を あなた と共に 置い て いく の さ あなた へ と 渡す 手紙 の ため いろいろ と 思い出し た どれ だって 美しい けれども <EOS>
<BOS> ooa a e ai ai o i e i e o aio i oou o a <NAN> ui a <NAN> iou o i euu <NAN> ai <NAN> aaa o i e i a <NAN> a a uau oeu o oi uoo iai i aaa o i o <NAN> iou o i euu <NAN> u e <NAN> aaa o i e i a <NAN> oou i aui o <NAN> o io aai i i a ae i aia e i ai ia ai ui e <NAN> ui e i ai io o eui i ooi o ui aa aae e uai ooo a uo o aa e oo ae a eai o oai ii ai oo ae oa ai oo oi i i a uaaai iae a ii o aa i ae aeua e o ae o ooie a ie e iu <EOS>,<BOS> 言葉 が 出 ない 何 を し て い て も 最後 に 残る の は グズ つい た ( 祈る よう に 眠る ) 愛 ( あなた を 見 て い た ) 車 は 向かう トンネル を 通り ストロー みたい に あなた の 胃 の ( 祈る よう に 眠る ) 中 へ ( あなた を 見 て い た ) 広告 に 悪意 の グラフィティボコボコ の 自動 販売 機 知っ た 風 に はにかん で み たり 知ら ない ふり で ニヤ つい て み たり 陸橋 の 手すり に 登り お 月 様 眺め て ふらり ほころん だ 空洞 の 中 で ここ だけ が 世界 の 終わり 言い たい こと なんて そんな ない 想像 より 二 人 は くだらない 白け た 日々 よ 泡 に なれ ハレルヤ 目 の 前 の 思い出 が 消え て いく <EOS>
<BOS> oou o aii a aiuai e aiau ooi i ii o aaue e eiei uiue aui e ie aai o aa aia aai aaa aaei o oai a aa aeu oo i i aou uuui a o ia u aae o ae o ae i oa aeu ae a o iaa aia au a oi o ii ae a ooai a uu a uiue ui aaa ue o i e i a oo ae iu o a ie e aa ai a iaua aaa i ai ai ae ia ai a i ou ae i a a aaaai ao a aa uo u a <EOS>,<BOS> 孤独 の 寂し さ 噛み砕い て 沸き立つ 思い に 耳 を 傾け て 泥濘 踏みつけ 歩い て いけ 嵐 の 中 涙 流し ながら 翡翠 の 狼 は また 嘆く その 身 に 宿す 美し さ も 知ら ず 高め の 崖 を 前 に ほら 嘆く 誰 か の 力 借りりゃ 楽 な のに もう じき 誰 か 友だち が くる さ 口笛 吹き ながら 夢 を 見 て い た どこ まで 行く の か 決め て なんか ない が ひたすら あなた に 会い たい だけ 知ら ない 間 に 遠く まで 来 た が 暖かい 場所 は まだ 向こ う か <EOS>
<BOS> ao i iaai a aia o ia o ooiau  a ua o ue i ia a ooa u o uiouaa oi aeu ai a aioo o oii ai a o aau uai o uii ue ae a oiui e iu a o ia e ai a aai o i e i a io aa oaa ai au a aiai a ooo o oai e uai a oo ou a uui e oia a ao a o u o oai aai o i aeu a a e aau ao i ai a eiu ao u a iuuu oo ooou oo <EOS>,<BOS> あの 日 見渡し た 渚 を 今 も 思い出す ん だ 砂 の 上 に 刻ん だ 言葉 君 の 後ろ姿 寄り 返す 波 が 足元 を よぎり 何 か を 攫う 夕凪 の 中日 暮れ だけ が 通り過ぎ て 行く パッ と 光っ て 咲い た 花火 を 見 て い た きっと まだ 終わら ない 夏 が 曖昧 な 心 を 溶かし て 繋い だ この 夜 が 続い て 欲しかっ た あと 何 度 君 と 同じ 花火 を 見 られる か な って 笑う 顔 に 何 が できる だろ う か 傷つく こと 喜ぶ こと <EOS>
<BOS> aa a oo ua o ooe e ai ia oi o o ai oo aiai e iai aaa o aa ei <NAN> i e ia a o a eiau a ii o aa a aa ia ao o ai o a io i aa  oo a oo a ae aaa ai aa e iu oie e o e ie ai aa oio a ooa o uue o a oe a iua i i aae e a aaa i oeou o ao u a uo e o uai e i a uo aaaaii oo aai a i i a e iaa o iaui a  a <EOS>,<BOS> 簡単 な こと すら もう 覚え て ない 今 どうし よう も ない ほど 間違い で いっぱい 頭 の 中 ペンキ 溢 し て しまっ た の さ 明確 な 意志 も なかっ た なら 今 感情 も なに も が 信用 に なら ん ここ が どこ か さえ わから ない まま で いる 教え て よ ねえ 言え ない まま 飲み込ん だ 言葉 の 行方 を さあ それ は いつか 血 に 流れ て は 体 に 溶け込む の だろ う か ずっと 目 を 塞い で い た ずっと 馬鹿馬鹿しい こと ばっかり やっ き に なっ て 今や っと 気がつい た ん だ <EOS>
<BOS> ioou i uae e ooa eu ao o o aaa a iei a o i a aaaa e aaeu aai o ioi i a oeo iiuu uu a ueaeu oiu o uai a iaai i ueia eu a oai o oeaau iaae uaiaeu oou aaei o oo aui a aaa o ae e aa ii o ae i e <EOS>,<BOS> 気の毒 に 生まれ て 汚さ れる あの 子 を あなた は 綺麗 だ と 言っ た 傍ら で 眺める 私 の 瞳 に は とても 醜く 映っ た 噎せ返る 温室 の 無邪気 な 気晴らし に 付け入ら れる か 弱い 子 持て余す 幸せ 使い分ける 道徳 憐れみ を そっと 隠し た 頭 を 撫で て ただ いい 子 だって 言っ て <EOS>
<BOS> ui i iae a uou o eai o o oo i aao auiue e aau ooiaee a aae e iu aiai oa aiii oo i aii o aai ou o ue ia a oo u iie a uoi aia ae a aai o ooi ao u ae oo i o ai oi <NAN> e uaei o au e o uuo u e aei o io i aeo u e oa eiei i iiae e <NAN> e eu oa e aui e iae aae au a i o ae ae e a ii a aiai a <EOS>,<BOS> 不意 に 見かけ た ブロンズ の 女神 の お 臍 に 煙草 擦り付け て 笑う 思い返せ ば 馬鹿げ て いる 大体 そんな 毎日 その 日 限り の 甘い 夜 を 抜け 今 じゃ 彷徨 う 惨め な ストーリー ライター 誰 か わたし と 踊り ましょ う なんて その 気 も ない のに ヒッピヒッピシェイクダンディダンディドン で クランベリー の ジャム で も 作ろ う ね パンケーキ と 一緒 に 食べよ う ね ほら 丁寧 に 切り分け て ヒッピヒッピシェイクダンディダンディドン で 全部 頬張っ て 隠し て しまえ やがて 熱 さ に も 耐え かね て 嗚呼 きみ は 吐き出し た <EOS>
<BOS> aiue a aiii a auaiu au oo uuui iuu ou i ueu aa o iue e i a ioiie o aa o aaa o aui a oo uiui aa i aau ao o aea ooiai a aaia a ai au iau o ue o ae o a aue e iu ioi uouao aaa o uiai a uue e iu oo o ooe e i ai o oou ii o aaa o aai io ioo oo ao i a aee ai oie o <EOS>,<BOS> ありふれ た 毎日 が 懐かしく なる ほど くすぶり 沈む 夜 に 揺れる 花 を 見つめ て い た 人いきれ の 中 を あなた と 歩い た こと 振り向き ざま に 笑う 顔 を 何故か 思い出し た カナリヤ が 鳴き だす 四月 の 末 の 誰 も が 忘れ て いく 白い プロムナード あなた の 指先 が 震え て いる こと を 覚え て い たい と 思う いい よ あなた と ならい いよ 二度と この 場所 に は 帰れ ない として も <EOS>
<BOS> ao i iaai a aia o ia o ooiau  a ua o ue i ia a ooa u o uiouaa oi aeu ai a aioo o oii ai a o aau uai o uii ue ae a oiui e iu a o ia e ai a aai o i e i a io aa oaa ai au a aiai a ooo o oai e uai a oo ou a uui e oia a <NAN> ao a o u o oai aai o i aeu a a <NAN> e aau ao i ai a eiu ao u a iuuu oo ooou oo uiaeu ai o oo oo aiu ea o oo a o eo ooa i i e ii o ou o aia o eai oiio <EOS>,<BOS> あの 日 見渡し た 渚 を 今 も 思い出す ん だ 砂 の 上 に 刻ん だ 言葉 君 の 後ろ姿 寄り 返す 波 が 足元 を よぎり 何 か を 攫う 夕凪 の 中日 暮れ だけ が 通り過ぎ て 行く パッ と 光っ て 咲い た 花火 を 見 て い た きっと まだ 終わら ない 夏 が 曖昧 な 心 を 解かし て 繋い だ この 夜 が 続い て 欲しかっ た 「 あと 何 度 君 と 同じ 花火 を 見 られる か な 」 って 笑う 顔 に 何 が できる だろ う か 傷つく こと 喜ぶ こと 繰り返す 波 と 情動 焦燥 最終 列車 の 音 何 度 でも 言葉 に し て 君 を 呼ぶ よ 波間 を 選び もう一度 <EOS>
<BOS> eoaio i oiaa e e oua a aui a aiei o ue o oo ii o ai o io e i a <NAN> o uei e i a ae a oai uaao u o ou a aii eu o ii o uee o oio aiaa a i a o aa a ou o oai oo o iu ao u ai a e a e ia e a e ii iuui e o eii e i aeu  a a aa e o o e oua o io u e oo e a ai ou o o e ia a ii ae ai ae o ai aaii o aio o i e i a ie i aiuu a aa oeeo oua oa o oo u o <EOS>,<BOS> ヘッドライト に 押し出さ れ て 僕ら は 歩い た ハイウェイ の 上 を この 道 の 先 を 祈っ て い た シャングリラ を 夢見 て い た 誰 が どんなに 疑お う と 僕 は 愛し てる よ 君 の 全て を もしも 神様 が い た の なら ば 僕 と 同じ 事 を 言う だろ う 何 さ れ た って 言わ れ たっ て いい 傷つい て も 平気 で い られる ん だ だ から 手 を 取っ て 僕ら と 行こ う ぜ ここ で は ない 遠く の 方 へ 今 は 信じ られ ない 果て の ない 悲しみ を 太陽 を 見 て い た 地面 に 立ち竦ん だ まま それでも 僕ら 空 を 飛ぼ う と <EOS>
<BOS> iu e iu aae o au aui o ua u i aui a aaa o ouoo e iiu ii ai ai o uou aa aiau a ai oe a au o ai ae ie ai aa o ooo e iouiou au i a ae i oau oo a oo oe a ai a aee a ao ou o a ou a ia aa a oeo aa o aae o aa iou ae aiaeu uai i aaai a ueu ou a oau iai a ie ai aa e ii <EOS>,<BOS> 歪ん で 傷 だらけ の 春 麻酔 も 打た ず に 歩い た 体 の 奥底 で 響く 生き 足り ない と 強く まだ 味わう さ 噛み 終え た ガム の 味 冷め きれ ない まま の 心 で ひとつひとつ なく し た 果て に ようやく 残っ た もの これ が 愛 じゃ なけれ ば なんと 呼ぶ の か 僕 は 知ら なかっ た 呼べよ 花 の 名前 を ただ 一つ だけ 張り裂ける くらい に 鼻先 が 触れる 呼吸 が 止まる 痛み は 消え ない まま で いい <EOS>
<BOS> iua oua o ue o ueue i oi ui e i a ao ioi o uii a uai i ooe eu ii o ai oi aea uaiau e ai a i o ou i aa uou ai ai o ea e a oo ae i iuo a ui o aaiooe e i a aou a uei a aaa e iu oie oe a iu o i a ou o ae i aaaeu oie aa iu oo iu ii a eiu aa o eo ii o ooe a oo ooo o oiio ou e ie ou e ie o ou o aa e ae a a uau o io o ai oo eueu i i u ae e o aai a ii a ioo aaia ai o i aaeu oa io i au ae o ua <EOS>,<BOS> いつか 僕ら の 上 を スレスレ に 通り すぎ て いっ た あの 飛行機 を 不思議 な くらい に 憶え てる 意味 も ない のに 何故か 不甲斐なく て 泣い た 日 の 夜 に ただ 強く なり たい と 願っ て た その ため に 必要 な 勇気 を 探し求め て い た 残酷 な 運命 が 定まっ て いる として それ が いつ の 日 か 僕 の 前 に 現れる として ただ 一瞬 この 一瞬 息 が できる なら どう でも いい と 思え た その 心 を もう一度 遠く へ 行け 遠く へ 行け と 僕 の 中 で 誰 か が 歌う どう しよう も ない ほど 熱烈 に い つ だって 目 を 腫らし た 君 が 二度と 悲しま ない よう に 笑える そんな ヒーロー に なる ため の 歌 <EOS>
<BOS> ai o ai uaa oiau aiei ooai oo e aue a eiei oo e e ua o ae ai ua o auei a oa uai e aa ui eu uei oo e o ie au e uiau eiei aiii ii o au e ii a ua o auei a oaiuai auiaai aoiui a ioi u a ia o ii eu aa oae e ue ou i <NAN> o o i a <NAN> uai oo oi ae ai aiai ooiui aa aui e ie oooooi ooa ai o i <NAN> oa o iu <NAN> eio iiae e a ai aiai ouoi ae ooai e io u e oai a oia o a oua o <NAN> ooiooi o aaiue io u e aaaui ae o ei ao e ua o uao u e <EOS>,<BOS> 何 も ない 砂場 飛び交う 雷鳴 しょうもない 音 で 掠れ た 生命 今後 千 年 草 も 生え ない 砂 の 惑星 さ こんな 具合 で まだ 磨り 減る 運命 どこ へ も 行け なく て 墜落 衛星 立ち入り 禁止 の 札 で 満ち た 砂 の 惑星 さ のらりくらり 歩き回り たどり着い た 祈り 君 が 今 も 生き てる なら 応え て くれ 僕 に イェイ 今日 の 日 は サンゴーズダウン つまり 元 どおり まで バイ バイバイ 思いつい たら 歩い て いけ 心残り 残さ ない よう に イェイ 空 を 切る サンダーストーム 鳴動 響かせ て は バイ バイバイ もう少し だけ 友達 で いよ う ぜ 今回 は そういや 今日 は 僕ら の ハッピーバースデイ 思い思い の 飾り付け しよ う ぜ 甘ったるい だけ の ケーキ 囲ん で 歌 を 歌お う ぜ <EOS>
<BOS> iuo oi o oi ioi oa ii oaa oioi o oo i o ie ai ai o i uei e oaui iu eo oua a oa ae i oua a ou i ai ai aa ooi ooi au aia i eau ae i aoaa auiaa e a o ui a oo a o a aue a <NAN> ia o a a o aaa ai iaeii o ea ei a aoi ao o uaua a oaa uai e a a eu <NAN> oe a aa ooe ae ii ao u o ii ai o ii ai io u e oua o oe <NAN> uo ae aa ioe e a iua oeo i aui a oe a a a o o a o i a o a aiai o oa a aueo oa ao aa ooi a aeo <EOS>,<BOS> いつも どおり の 通り 独り こんな 日々 もはや 懲り懲り もう どこ に も 行け やし ない の に 夢見 て おやすみ いつ でも 僕ら は こんな 風 に ぼんくら な 夜 に 飽き 飽き また 踊り 踊り 出す 明日 に 出会う ため に さよなら 歩き回っ て やっ と つい た ここ は どう だ 楽園 か ？ 今 と なっ ちゃ もう わから ない 四半世紀 の 結果 出来 た 青い 顔 の スーパースター が お腹 すかし て は 待っ てる アイムアルーザー どうせ だっ たら 遠吠え だって いい だろ う もう 一 回 もう 一 回 行こ う ぜ 僕ら の 声 アイムアルーザー ずっと 前 から 聞こえ て た いつか ポケット に 隠し た 声 が ああ だ の こう だ の 知っ た もん か 幸先 の 空 は 悪天候 ほら 窓 から 覗い た 摩天楼 <EOS>
<BOS> a e o oi a aa auiuae a oo aio aa oo e iu o oua a iaa ooa i ae u oo e a aa aia e oa aaii o iai ae oe eaae ai o aa a eu oo e e aiie e a oo aoae o aaeu a a ooa e a aa aai uae a oo eei aa oo e iu o ii o uua ai io o uue ai uia e aa aea e iai o uuiae aei o ai oe ae e iau o aa a oai aa ie e iae aa ii eie ie ai aai o ai e <NAN> oai oei ao a euo <NAN> i ai e uau <EOS>,<BOS> さあ 目 を 閉じ た まま 歩き疲れ た この 廃墟 また どこ へ 行く そう 僕ら は 未だ 大人 に なれ ず 彷徨 って は また 間違っ て こんな 悲しみ と 痛み さえ どうせ 手放せ ない の なら ば 全部 この 手 で 抱きしめ て は ちょうど 遊ばせ と 笑える さ さあ 呪わ れ た まま 笑い 疲れ た この 現世 また どこ へ 行く もう 息 も 続か ない 咽喉 も 震え ない 失っ て また 躊躇っ て 嫌い を 吊し上げ 帰り の 会 どうせ 負け て しまう の なら ば 弱い まま 逃げ て しまえ たら いい 決して 見え ない あかり の 先 へ Chicchic 存在 証明 願望 や 絶望 、 見 ない で 歌う <EOS>
<BOS> <NAN> iua oua o ue o ueue i oiui e i a ao ioi o uii a uai i ooe eu ii o ai oi ae a uaiau e ai a i o ou i aa uou ai ai o ea e a oo ae i iuo a ui o aaiooe e i a aou a uei a aaa eu oie oe a iu o i a ou o ae i aaaeu oie aa iu oo iu ii a eiu aa o eo ii o ooe a oo ooo o oiio ou e ie ou e ie o ou o aa e ae a a uau o io o ai oo eueu i i u ae e o aai a ii a ioo aaia ai o i aaeu oa io i au ae o ua aaa aaeo iu ai <EOS>,<BOS> オーオオオオオオオオオオオオ いつか 僕ら の 上 を スレスレ に 通り過ぎ て いっ た あの 飛行機 を 不思議 な くらい に 憶え てる 意味 も ない のに なぜ か 不甲斐なく て 泣い た 日 の 夜 に ただ 強く なり たい と 願っ て た その ため に 必要 な 勇気 を 探し求め て い た 残酷 な 運命 が 定まっ てる として それ が いつ の 日 か 僕 の 前 に 現れる として ただ 一瞬 この 一瞬 息 が できる なら どう でも いい と 思え た その 心 を もう一度 遠く へ 行け 遠く へ 行け と 僕 の 中 で 誰 か が 歌う どう しよう も ない ほど 熱烈 に い つ だって 目 を 腫らし た 君 が 二度と 悲しま ない よう に 笑える そんな ヒーロー に なる ため の 歌 さらば 掲げろ ピース サイン <EOS>
<BOS> oeae a oouaai au o oai aeaa o ea i ua e e ooiai a auaii ao uei aua o oaai o uiaei e oai o a aiai a aa oiui a ao i ou a uu eu ii a ia o ao oo iai i iu o ao u a iae e aa a ao iea e aiiaa a aaaaii uaaai ia i ii a i ia a aaa iou uaii oe ae eae a aao u o o aaa ai ai a a ai au o i uaaai ooae i aeaa e ia o uau ia o uau ia o uau eaiau ai o aiu aui i <EOS>,<BOS> 袖丈 が 覚束無い 夏 の 終わり 明け方 の 電車 に 揺ら れ て 思い出し た 懐かしい あの 風景 沢山 の 遠回り を 繰り返し て 同じ 様 な 町並み が ただ 通り過ぎ た 窓 に 僕 が 写っ てる 君 は 今 も あの 頃 みたい に いる の だろ う か ひしゃげ て 曲がっ た あの 自転車 で 走り回っ た 馬鹿馬鹿しい 綱渡り 膝 に 滲ん だ 血 今 は なんだか ひどく 虚しい どれ だけ 背丈 が 変わろ う と も 変わら ない 何 か が あり ます よう に くだらない 面影 に 励まさ れ 今 も 歌う 今 も 歌う 今 も 歌う 忙しなく 街 を 走る タクシー に <EOS>
<BOS> iu e iu aae o au aui o ua u i aui a aaa o ouoo e iiu ii ai ai o uou aa aiau a ai oe a au o ai ae ie ai aa o ooo e iouiou au i a ae i oau oo a oo oe a ai a aee a ao ou o a ou a ia aa a oeo aa o aae o aa iou ae aiaeu uai i aaai a ueu ou a oau iai a ie ai aa e ii <EOS>,<BOS> 歪ん で 傷 だらけ の 春 麻酔 も 打た ず に 歩い た 体 の 奥底 で 響く 生き 足り ない と 強く まだ 味わう さ 噛み 終え た ガム の 味 冷め きれ ない まま の 心 で ひとつひとつ なく し た 果て に ようやく 残っ た もの これ が 愛 じゃ なけれ ば なんと 呼ぶ の か 僕 は 知ら なかっ た 呼べよ 花 の 名前 を ただ 一つ だけ 張り裂ける くらい に 鼻先 が 触れる 呼吸 が 止まる 痛み は 消え ない まま で いい <EOS>
<BOS> aiai a a i o aiai o o i uae e i a o a i e i a eo aiai a a i o eiai o o a io eae aa a o oou uaaiu aai aeu oo ae ao u a aia a eu oo u o e a uaui a ou o ue o auu oo i aa aioao aaiae a i a i a ae i oaa e o a uai au o ui e aiuu a uai i aieau oa i i e <EOS>,<BOS> まちがい さ が し の 間違い の 方 に 生まれ て き た よう な 気 で い た けど まちがい さ が し の 正解 の 方 じゃ きっと 出逢え なかっ た と 思う 相応しく 笑い 合える こと なぜ だろ う か 涙 が 出る こと 君 の 眼 が 貫い た 僕 の 胸 を まっすぐ その 日 から 何もかも 変わり果て た 気 が し た 風 に 飛ばさ れ そう な 深い 春 の 隅 で 退屈 な くらい に 何気なく そば に い て <EOS>
<BOS> io aai e o ae iu  a iaaii eoi o ae o <NAN> e i ou aau o <NAN> ioi au eoi o aioo uu o i ii o ii e <NAN> aau ii a au a ae o oi a ai oo <NAN> oo o ii a iou aii e ia a auaaii ooo ua iua a uee ai i au o aa oo aaia o i i ueo e i o aae ia oo e ae oi uou eae a ooaa ou aiei i oio e uaeu a au iai a aeo aia a <NAN> <EOS>,<BOS> 潮 溜まり で 野 垂れ 死ぬ ん だ 勇ましい 背伸び の 果て の メンソールワゴン で 二 足 半額 の コンバーストワイライト 匂い 出す メロディー 今 サイコロ 振る よう に 日々 を 生き て ニタニタ 笑う 意味 は ある か 誰 も 興味 が ない その G コード を 君 は ひどく 愛し て いたん だ 煩わしい 心 すら いつか は 全て 灰 に なる の なら その 花びら を 瓶 に 詰め込ん で 火 を 放て 今 ここ で 誰 より 強く 願え ば そのまま 遠く 雷鳴 に 飛び込ん で 歌える さ カス みたい な だけど 確か な バースデイバースデイソング <EOS>
<BOS> aai aaa i ae e ooi ueii o iaai ae o o i oea uee a aaii  a ia iai uai iaae a ooie a iua uu o aae o oae e auu ae a o iao o uai iiu uai aa a o aai a iioo i eo ae a aai iaa o i aa aiai o oaoi o ai o a e aaa ae o ia ai aa e aaa i aai o ooi a eu uaa e oii oi ae i o ie ai iiu a a e uo o ui e iau o a aaa a ooe a oou oi iuu o aai a iui a ai oi oie oie oie ie ai aaii o <EOS>,<BOS> あたし あなた に あえ て 本当に 嬉しい の に当たり 前 の よう に それら すべて が 悲しい ん だ 今 痛い くらい 幸せ な 思い出 が いつか 来る お 別れ を 育て て 歩く 誰 か の 居場所 を 奪い 生きる くらい なら ば もう あたし は 石ころ に でも なれ た ならい いなだ と し たら 勘違い も 戸惑い も 無い そう やっ て あなた まで も 知ら ない まま で あなた に あたし の 思い が 全部 伝わっ て 欲しい のに 誰 に も いえ ない 秘密 が あっ て 嘘 を つい て しまう の だ あなた が 思え ば 思う より いくつ も あたし は 意気地 が ない のに どうして どうして どうして 消え ない 悲しみ も <EOS>
<BOS> aaae a oe a au o aaiu e o ie u aa aaai e i a oa ooa o oa eui o ai ai ai iai  a oo i aa ou o ue i a aai a uiui a aa aae ai  a io o oe o ai a aoi e o auai a ue aaa oou oo ai o uo a a o oe oi <NAN> a a ei a uo ie o a aioi aa i ou ia e ai a aaa i a oo eai o iooi a o ieu o a ii au e o o i e o oai a oae o e aa oaa a uee a aaa o ooioi aaiu e iaa a ooi o uee aaa a ue a ueeo uaua ua e e uai aoi iai ui oiii ooa i uu o o aai i uu o o oo oe o a aoi aa au e aa e o iue a uuo aaa a uo aaiu aa a  a iaae a ooo o aaeu iiu o iaue a oaoa i a e <EOS>,<BOS> 現れ た それ は 春 の 真っ最中 え も 言え ぬ まま 輝い て い た どんな 言葉 も どんな 手振り も 足り やし ない みたい ん だ その 日 から 僕 の 胸 に は 嵐 が 住み着い た まま 離れ ない ん だ 人 の 声 を 借り た 蒼い 眼 の 落雷 だ 揺れ ながら 踊る その 髪 の 黒 が 他 の どれ より 嫋 や か でし た すっと 消え そう な 真っ白い 肌 に よく 似合っ て まし た あなた に は この 世界 の 彩り が どう 見える の か 知り たく て 今 頬 に 手 を 伸ばし た 壊れ そう で ただ 怖かっ た 全て は あなた の 思い通り 悲しくっ て 散らばっ た 思い も 全て あなた が くれ た プレゼント ゆらゆら 吹か れ て 深い 惑い 痛み 憂い 恋しい 言葉 に する の も 形 に する の も その どれ も が 覚 束 なくっ て ただ 目 を 見つめ た すると あなた は ふっと 優しく 笑っ た ん だ 嗄れ た 心 も さざめく 秘密 も 気がつけ ば 粉々 に なっ て <EOS>
<BOS> ao i iaai a aia o ia o ooiau  a ua o ue i ia a ooa u o uiouaa oi aeu ai a aioo o oii ai a o aau uai o uii ue ae a oiui e iu a o ia e ai a aai o i e i a io aa oaa ai au a aiai a ooo o oai e uai a oo ou a uui e oia a <NAN> ao a o u o oai aai o i aeu a a <NAN> e <EOS>,<BOS> あの 日 見渡し た 渚 を 今 も 思い出す ん だ 砂 の 上 に 刻ん だ 言葉 君 の 後ろ姿 寄り 返す 波 が 足元 を よぎり 何 か を 攫う 夕凪 の 中日 暮れ だけ が 通り過ぎ て 行く パッ と 光っ て 咲い た 花火 を 見 て い た きっと まだ 終わら ない 夏 が 曖昧 な 心 を 解かし て 繋い だ この 夜 が 続い て 欲しかっ た 「 あと 何 度 君 と 同じ 花火 を 見 られる か な 」 って <EOS>
<BOS> ao i u i eae a oo oi aa oei o i a oua i i i aoi aaii o aai a o io o aa euo o ae aeu o i a a ii ai oo a iuu o au o iu oi oua o ia a aaii iiau ao oe oo ao u a ii o uou ia a aai a ieu o a ii o oo oe a aaiu iii a oa uei o ui e oau o i uaa ou e o ae i iooioi o aa e ei a ae a ia aiuaau oua o oau o a ai a aa aou ae a o a aaa u i aiuu eu oe o oua a uei o oi aaa <EOS>,<BOS> あの 日 君 に 出会え た その とき から 透明 の 血 が 僕ら 二 人 に 通い 悲しみ も 優し さ も 希望 も また 絶望 も 分け 合える よう に なっ た 知り たい こと が いくつ も ある と いう のに 僕ら の 時間 は あまりに 短く あと どれ ほど だろ う か 君 と 過ごす 時間 は 灯り が 切れる の は 君 の その 声 が 優しく 響い た こんな 憂い も 吹い て 飛ばす よう に フラワー ウォール 目 の 前 に 色とりどり の 花 で でき た 壁 が 今 立ちふさがる 僕ら を 拒む の か 何 か から 守る ため な の か 解ら ず に 立ち竦ん でる それ を 僕ら は 運命 と 呼び ながら <EOS>
<BOS> uaa ae ae a o ai o ae i aei e i a oi o o i o e iu ao uo i aoae e auae o oiua ai ii i ii oa o ae iu i iu o aae e aa ae a a ai e iu ou o oo i aa o ui i oo iiu ua a au o ou oe a ioe aa oe a ae i au uo ae a ui e i a ao oo aa aaa u aa ii o ae aa a oo e eo io u oa o ae e <EOS>,<BOS> 翼 さえ あれ ば と 灰 を 前 に 嘆い て い た 鳥 の よう に 飛ん で いく あの 雲 に 憧れ て 慰め も 追いつか ない 一 人 きり 空 の 果て 傷 に 傷 を 重ね て まだ 誰 か が 泣い て いる 夜 の 底 に 朝 の 淵 に こそ 響く 歌 が ある と 呼ぶ 声 が 聞こえ たら それ が 羽 に なる ずっと 風 が 吹い て い た あの 頃 から 変わら ぬ まま 君 の ため なら ば 何処 へ でも 行こ う 空 を 駆け て <EOS>
<BOS> aaa o ui a oo ue a oo ioi a auiu e uoi eu a uu ou o au oe a ui i oi e i e aaii o aaaau e oio a aa ou o oi aieu iaa iai i uo ou o oaa e a oe e aa aui e ueu oo ooa a  a aiaa oa oa oe o ia e e oo oo e ii aa o ioo aae ai o i aaa o i i ao eia o o i uu e oiu e <EOS>,<BOS> あなた の 指 が その 胸 が その 瞳 が 眩しく て 少し 眩暈 が する 夜 も ある それ は 不意 に 落ち て き て あまりに も 暖かく て 飲み込ん だ 七 色 の 星 弾ける 火花 みたい に ぎゅっと 僕 を 困ら せ た それ で まだ 歩い て ゆける こと 教わっ た ん だ 神様 どうか どうか 声 を 聞か せ て ほんの ちょっと で いい から もう 二度と 離れ ない よう に あなた と 二 人 あの 星座 の よう に 結ん で 欲しく て <EOS>
<BOS> aaooo o uau aae a aia ii ai o aau e eae ae e i a oo a eai iu aaa o ou a eie iou i ai ae ai ooaa e aai o i e iu ia ooi i ae ae a aa uai e iuu o uo o ui e aui e iu o ao u a ioaa i ooai iou o aai a a iiai a e o oo e o uai e i a aaa a uoi aa a <NAN> aaaia ai o ia ai a aou ae o ooa e iau uai aa a <NAN> aaaa a iaae o uai e ioi uae oau aaa i ae a o a aa io i io u ao iai o o e <EOS>,<BOS> 掌 を ふたつ 重ね た あいだ 一 枚 の 硝子 で 隔て られ て い た ここ は 面会 室 あなた と 僕 は 決して ひとつ に なり あえ ない そのまま で 話 を し て いる 今 呪い に かけ られ た まま ふたり で いくつ も 嘘 を つい て 歩い て いく の だろ う か しとやか に 重たい 沈黙 と 優し さ が 見開い た 目 と その 目 を 繋い で い た あなた は 少し 笑っ た Oh サンタマリア 何 も 言わ ない さ 惑う だけ の 言葉 で 満たす くらい なら ば Oh 様々 な 幸せ を 砕い て 祈り 疲れ 漸く あなた に 会え た の だ から 一緒 に いこ う あの 光 の 方 へ <EOS>
<BOS> ao i eue u i aae e a ae o iaeo aiuu a eia o a ao aiai o oa oio oo aa aia a o ai aa o io u a <NAN> aa a i e eu oa e aa ou a oo e io u aei a o ooeu ou o aai e ia a ia a oiau oi a i ai ii o oai e ai o ai oo e e uaeu o a ooi ao iou ae aa oe a oaa e a ii o e e a e oii o oou aaii iei a o oooii aa ooe e iu uai a ii a oe uai e ii oua o eau iai ao i ue o aa uai e a au o uoio ooi au  a o iioi aai a iu o ue uau uaaa ai ooi ae a ue i oo a <EOS>,<BOS> あの 日 眠れ ず に 眺め て た 螺旋 の フィラメント 退屈 な 映画 の ワン カット 半開き の ドア もしも この まんま 明日 が 来 ない なら どう しよ う か ？ 朝 が 来 て 全部 終わっ て たら 僕 は どこ へ 行こ う 完璧 だ と 思える 夜 を 探し て いたん だ 今 は とにかく 星 が 見 たい 君 の 隣 で 何 も ない この 手 で 掴める の が 残り あと 一つ だけ なら それ が 伸ばさ れ た 君 の 手 で あっ て ほしい と 思う あまりに 綺麗 だ と 恐ろしい から 汚れ て いる くらい が いい ああ それ くらい で いい 僕ら の 願う 未来 あの 日 夢 の 中 暮らし て た 架空 の ストリート 本当に ある ん だ と 信じ込み 探し た 地図 の 上 上手く 伝わら ない 想い だけ が 胸 に 残っ た <EOS>
<BOS> aaa o ooao a ai o io a iua a uue i aa e ie a uoi uu ai o oeo o aa io e o ui a aua o aa aaa a oa i i ai ou o oo e ia e oo iu o ia a o i a uaaai iaai a aia o aa ooe e aa a oo ao o aa ae o i ai ii aia ai ae ie ai ie ai a ioi e ii a ae aao u oe o ai e aaui iai iuie aiae e ooe e o oa i ieu o i aa e aa e aa e o a e io ao i aa a o i eai a uui aa e oo ea i aioe a uue ai uuu o <EOS>,<BOS> あなた の 横顔 や 髪 の 色 が 静か な 机 に 並ん で 見え た 少し 薄 味 の ポテト の 中 塩 っけ 多 すぎ た パスタ の 中 あなた が そば に い ない 夜 の 底 で 嫌っ て ほど 自分 の 小さ さ を 見 た 下らない 諍い や 涙 の 中 おどけ て 笑っ た その 顔 の 中 誰 も い ない キッチン 靡か ない カーテン いえ ない いえ ない な 独り で いい や なんて 話そ う 声 を 出し て 明るい 未来 について 間違え て 凍え て も そば に いれる よう に 笑っ て 笑っ て 笑っ て そう やっ て きっと 魔法 に かかっ た よう に 世界 は 作り 変わっ て この 部屋 に 立ちこめ た 救え ない 憂鬱 を <EOS>
<BOS> aeaaa e a oo ea i a ae o i ai ioae o ioi iii ui a iu a iou aaa a aoa ai o i ae e ou o iiu o o aai e ai aa aae a ii o a aaa au au a a oi a uu ou i aaa i ae a ao ou o aue a i ai aieu a oo a ooa i aa ai au o i i oi a uee <EOS>,<BOS> 開け放た れ た この 部屋 に は 誰 も い ない 潮風 の 匂い 滲み つい た 椅子 が ひとつ あなた が 迷わ ない よう に 空け て おく よ 軋む 戸 を 叩い て なに から 話せ ば いい の か わから なく なる か な 星 が 降る 夜 に あなた に あえ た あの 夜 を 忘れ は し ない 大切 な こと は 言葉 に なら ない 夏 の 日 に 起き た 全て <EOS>
<BOS> aeaaa e a oo ea i a ae o i ai ioae o ioi iii ui a iu a iou aaa a aoa ai o i ae e ou o iiu o o aai e ai aa aae a ii o a aaa au au a a oi a uu ou i aaa i ae a ao ou o aue a i ai aieu a oo a ooa i aa ai <EOS>,<BOS> 開け放た れ た この 部屋 に は 誰 も い ない 潮風 の 匂い 滲み つい た 椅子 が ひとつ あなた が 迷わ ない よう に 空け て おく よ 軋む 戸 を 叩い て なに から 話せ ば いい の か わから なく なる か な 星 が 降る 夜 に あなた に あえ た あの 夜 を 忘れ は し ない 大切 な こと は 言葉 に なら ない <EOS>
<BOS> e uae e i a i o ooiaeu ai iaio o aio o aii o uai a eui eei a uuu aua i a aaaia a i ai aio e aio o ua o uau uae ai oi aou ai a iou o aou auo o oai a ai aa e i ai iou o i ou a ui o iai a <NAN> e e o o iai i a oua a ii e i ai <EOS>,<BOS> ねえ 生まれ て き た 日 を 思い出せる かい シナリオ の 最初 の 台詞 を 舞台 は 巡り 演劇 は 続く 楽屋 に は サンタマリア が い ない 最初 で 最後 の 歌 を 上手く 歌え ない のに 監督 たち は 沈黙 を 守る 脚本 の 終わり は 書き あがっ て い ない 祈る 様 に 僕 は 口 を 開い た 「 千 年 後 の 未来 に は 僕ら は 生き て い ない <EOS>
<BOS> oeae a aoi aa ai au o oai aeaa o ea i ua e e ooiai a auaii ao uei aua o oaai o uiaei e oai o a ai ai a aa oiui a ao i ou a uu eu ii a ia o ao oo iai i iu o ao u a iae e aa a ao iea e aiiaa a aa aai i uaaai ia i ii a i ia a aaa iou uaii oe ae eae a aao u o o aaa ai ai a a ai au o i uaaai ooae i aeaa e ia o uau ia o uau ia o uau eaiau ai o aiu aui i <EOS>,<BOS> 袖丈 が 覚 束 ない 夏 の 終わり 明け方 の 電車 に 揺ら れ て 思い出し た 懐かしい あの 風景 たくさん の 遠回り を 繰り返し て 同じ よう な 街 並み が ただ 通り過ぎ た 窓 に 僕 が 映っ てる 君 は 今 も あの 頃 みたい に いる の だろ う か ひしゃげ て 曲がっ た あの 自転車 で 走り回っ た 馬鹿 ばかし い 綱渡り 膝 に 滲ん だ 血 今 は なんだか ひどく 虚しい どれ だけ 背丈 が 変わろ う と も 変わら ない 何 か が あり ます よう に くだらない 面影 に 励まさ れ 今 も 歌う 今 も 歌う 今 も 歌う 忙しなく 街 を 走る タクシー に <EOS>
<BOS> iu aa oai oia ooiae ai iou a a a a o i o ooe e ai o o iou aia i ooe eu  a a o ii ai a ai a ae ooiau o a oo ao a oeeo aaa a aaa ooiae ai aa e iu  a a ao e a iui o eui eu e aai o ou oi eu o ia ai oua a ooi oo e ou o ou  a a o ii ai a a ai a e ooiau o a oo ao a aua i o a aai ae ioe ai aa i a uai oe ai o ia ai aa e iu o a aaa o iuue e a i ai a oe e ia o eue ai o o aaa a ie a aau ao u a aa a ao aa aoe e i aa aaa a ue a aio ae aue e ia a <EOS>,<BOS> いつ から こんなに 大きな 思い出せ ない 記憶 が あっ た か どう に も 憶え て ない の を ひとつ 確か に 憶え てる ん だ な もう 一 回 何 回 やっ たって 思い出す の は その 顔 だ それでも あなた が なんだか 思い出せ ない まま で いる ん だ な 環状 線 は 地球儀 を 巡り 巡っ て 朝日 を 追う のに レール の 要ら ない 僕ら は 望み 好ん で 夜 を 追う ん だ な もう 一 回 何 万 回 やっ て 思い出す の は その 顔 だ 瞼 に 乗っ た 淡い 雨 聞こえ ない まま 死ん だ 暗い 声 何 も 知ら ない まま で いる の が あなた を 傷つけ て は し ない か それ で 今 も 眠れ ない の を あなた が 知れ ば 笑う だろ う か 簡単 な 感情 ばっか 数え て い たら あなた が くれ た 体温 まで 忘れ て しまっ た <EOS>
<BOS> oo a eio ai iuu o o eia o aa iaua uui au aiuu a ai o aai eau ae ii e o oou o aa e ou a oo iou o eai ie u u a a aa iu uiaei ooi ue e ao ai a iue e aoi i i a ooo e oe a ooo o oo i i a ooo aa o ai oei <NAN> oa ua e o ou a uau a a o eo uiaei oo oae o <EOS>,<BOS> ここ は 劇場 街 いくつ も の 映画 を 只 ひたすら 映し だす 退屈 な 街 光 ばかり 目立つ 壁 一 面 の 広告 の 中 で 僕 は その ひとつ を 選び きれ ず 突っ 立っ た まま いる 繰り返し 思い 耽け て やっと 何 か 見つけ て 辿り 着 い た ところ で それ は 子供 の ころ に 観 た ものの 只 の 再 上映 「 そんな 歌 で も 僕 は 歌う さ 何 度 でも 繰り返し その 答え を <EOS>
<BOS> aaiooe a ao a oo i o iuaa u oo i ue a oo i aa a a i i a aai au oo ao ai e ai o iui a oi ao i o ooie a oua a ooai aai a e uoi e i a oie oe a oaio iau ooa e uai iuue a e iau o a aiae a e iai a e uuiae a oi uue i uue a aeuoo oua a o a oe io a aaia ai o i eueu i aui ai a <EOS>,<BOS> 探し求め た 感情 が どこ に も 見つから ず 途方 に 暮れ た 正午 に 変わっ ちゃっ た 二 人 が 分かち 合う こと など あり 得 ない と 気づい た 遠い あの 日 の 思い出 じゃ 僕ら は 友達 笑い 合っ て 過ごし て い た どうして それ が こんなにも 違う 言葉 で 歌い 傷つけ あっ て しまう の か 確かめ 合っ て 誓い 合っ て 作り上げ た のに 崩れ に 崩れ た バベルの塔 僕ら は どう か これ 以上 は 悲しま ない よう に 別々 に 歩き 出し た <EOS>
<BOS> aaa oo a iou o aiai a o ooa aee a euei a ua ai oooe ae a uau ai a aaa ai aiiai ai ii i ai ai oo e i e o auoaia oooi o a aa aa ooo ae iou o ai eo ooi ii ua ai o iau iai i aiaaio o uu e io u e ooo ae iou o ai uaio ue a oi oai uau oei o ai aiaa e a <NAN> <NAN> iu o oou o i au aa ae i aai <NAN> aiao eo oaa iai <EOS>,<BOS> あなた こそ が 地獄 の 始まり だ と 思わ なけれ ば 説明 が つか ない 心根 だけ じゃ 上手く 鍵 が 刺さら ない 愛し合い たい 意味 に なり たい どこ へ 行っ て も アウトサイダー 夜通し 読ん だ ハンター ハンター 本物 なんて 一つ も ない でも 心地 いい 文化 祭 の 支度 みたい に ダイナマイト を 作っ て みよ う ぜ 本物 なんて 一つ も ない ムーンライト 爪 が 伸び 放題 使う 予定 も ない 差し出さ れ た レーズンパイオールライト 「 自分 の 思う よう に ある がま まで い なさい 」 ありがとう でも お腹 いっぱい <EOS>
<BOS> aie aa oua eau o ia e a aa a o ao u a oiaa oa i a uu oo o oai o i ia e i a o a a uo aaa ai ooi aai o uoa e e i e a aaii iuue a e eeae a a aa oo e aa ae iae o ei u i ai iu uo ae uae ai e i a oaa a ou a o a oa i eo ai o i e io u oo ou a aaa o aai e iau ao u <EOS>,<BOS> 初め から 僕ら 出会う と 決まっ て た なら ば どう だろ う な そしたら こんな 日 が くる こと も 同じ よう に 決まっ て い た の か な ずっと 叶わ ない 思い ばかり を 募ら せ て い て は 互いに 傷つけ 合っ て 責め立て 合っ た ただ 想っ て ただ なんて 言い訳 も でき ず に 去り 行く 裾 さえ 掴め ない で い た 弱かっ た 僕 だ 今日 が どんな 日 でも 何 を し て いよ う とも 僕 は あなた を 探し て しまう だろ う <EOS>
<BOS> aaooo o uau aae a aia ii ai o aau e eae ae e i a oo a eai iu aaa o ou a eie iou i ai ae ai ooaa e aai o i e iu ia ooi i ae ae a aa uai e iuu o uo o ui e aui e iu o ao u a ioaa i ooai iou o aai a a iiai a e o oo e o uai e i a aaa a uoi aa a aaaia ai o ia ai a aou ae o ooa e iau uai aa a aaaa a iaae o uai e ioi uae oau aaa i ae a o a aa io i io u ao iai o o e <EOS>,<BOS> 掌 を ふたつ 重ね た あいだ 一 枚 の 硝子 で 隔て られ て い た ここ は 面会 室 あなた と 僕 は 決して ひとつ に なり あえ ない そのまま で 話 を し て いる 今 呪い に かけ られ た まま ふたり で いくつ も 嘘 を つい て 歩い て いく の だろ う か しとやか に 重たい 沈黙 と 優し さ が 見開い た 目 と その 目 を 繋い で い た あなた は 少し 笑っ た サンタマリア 何 も 言わ ない さ 惑う だけ の 言葉 で 満たす くらい なら ば 様々 な 幸せ を 砕い て 祈り 疲れ 漸く あなた に 会え た の だ から 一緒 に いこ う あの 光 の 方 へ <EOS>
<BOS> ai i o auiaa ai oo aai oie e oii a aaa o oo uaaai aai o aai o uoo e ia ae uee ie ai ioe ai ui i e aao u a ai i o auiaa ai oo aai oie e oii a io aaa o aai a iu ae o io i i ae ai ai a aeo u a oo e aai o io u a <NAN> o a aa e aia e <NAN> oa ae i o o oe oo aia ae i a oo o ai o i a uiu aeaa o i eu a oou o a aa a <EOS>,<BOS> 何 に も 役に立た ない こと ばかり 教え て 欲しい や あなた の その くだらない 話 を 灯り の 麓 で 今 だけ 全て 見え ない 聞こえ ない ふり し て 笑お う か 何 に も 役に立た ない こと ばかり 教え て 欲しい や きっと あなた と 私 は いつ まで も 一緒 に い られ ない 何 か 食べよ う か ここ で 話 を しよ う か 「 そん じゃ また ね 明日 ね 」 そんな 風 に 今日 を 終え ども 明日 なんて 見 た こと も ない の に さ 随分 あっけらかん と し てる わ 望む の は 簡単 だ <EOS>
<BOS> aaaoai a ieai e aa aeoi aoe o i a ue uu a a ao i e ai o iu oa aeoe uu e a oi iau ia oai o oai i eo e oaia oe a <NAN> iii o aaa oo oo ae a o ao i a io o e oi aa aa aa aaaa e aa o eau ouo uaoe a ia oo e o ioeu oe ai a aai aiii o oa e e oie e ooo i ao iaaa ooiu oo aoiu a ai aaiu a ai ioai o ai i aai a oai o aeo a iuao oa ooa e o iou o a aea a eai o oai a <NAN> a oia a oo aai aa ii e iu aui o eaa i i o ooe a o a a <NAN> oi a e ae oa <EOS>,<BOS> ちゃんちゃらおかし な 出で立ち で また 酒呑み 呷れ ど 日 は 暮れ ずつ ま らん 顔 し て 街 を 行く ほら あれこれ 言う て は 酔い 散らす いや どだい も どだい に 面倒 で おかしな 飲ん兵衛 だ オンボロ 錦 の 更紗 模様 その 洒落 た お 顔 に は 金魚 の 絵 腰 やら 股 やら 働か せ また お 手軽 欲望 貪れ ば 今 どこ へ も 聞こえる 声 出し た 私 さみしい の 呼ば れ て 飛び出 て この世 に 参上 皆様 よろしく どうぞ 楽しく なっ たり 哀しく なっ たり 忙し の ない 日 ばかり だ 帳 を 上げろ や 昼行灯 ほら ここら で お ひとつ どう だ 我ら は 現代 の 妖怪 だ ! あぁ 頓珍漢 な こと ばかり まだ 信じ て いる 狸 の 背中 に 火 を 灯せ ば ほう あん あん ぱっぱらぱの 行進 やっ て やれ ほら <EOS>
<BOS> uaaii ii ii aiau oo i a ou i ueu uiuu aiii u o uu oo ua aue a aa iua ooi a iu a ua e ia a oo a io a oi o a ai i o ai a i ai a uai o uo e a aui aau oe a au aai ai o aai e iu o a a ou aaa aa a iuoaia iou ia a a e aai i aaa a uu a <NAN> o ii aa aoo u o <NAN> aoii oo a a e iu a <NAN> uoi iui a ii ii <NAN> i ii <NAN> a ii <NAN> o ii uoi iui a o ii <NAN> ou ii <NAN> aa ii <NAN> ai ii <EOS>,<BOS> 素晴らしい 一 日 始まる 頃 に は 夜 に 暮れる 過ぎ行く 毎日 手 を 振る こと すら 忘れ た まま いつか 注い だ 水 が 腐っ て いったん だ ここ は 濁っ た 澱 そう だ 何 に も あり は し ない な 受話器 の 向こう で は 霞 掛かる 声 が 鳴る ばかり 何 を 話し て いる の か は よく わから なかっ た いつの間にか 酷く 時間 が 経っ て 鏡 に あなた が 映っ た 「 もう いい から 遊ぼ う よ 」 楽しい こと が 待っ て いる さ シャラララ 黒い 羊 が 一 匹 、 二 匹 、 三 匹 、 四 匹 黒い 羊 が 五 匹 、 六 匹 、 七 匹 、 八 匹 <EOS>
<BOS> aeaaa e a oo ea i a ae o i ai ioae o ioi iii ui a iu a iou aaa a aoa ai o i ae e ou o iiu o o aai e ai aa aae a ii o a aaa au au a a oi a uu ou i aaa i ae a ao ou o aue a i ai aieu a oo a ooa i aa ai <EOS>,<BOS> 開け放た れ た この 部屋 に は 誰 も い ない 潮風 の 匂い 滲み つい た 椅子 が ひとつ あなた が 迷わ ない よう に 空け て おく よ 軋む 戸 を 叩い て なに から 話せ ば いい の か わから なく なる か な 星 が 降る 夜 に あなた に あえ た あの 夜 を 忘れ は し ない 大切 な こと は 言葉 に なら ない <EOS>
<BOS> io oei aai i ooo o ie e ue io oei aei o ae aa oe a uu io oei eio o ue i ooi e ue io oei aio o aou uiuui a io aa aaa a aaiu a e aai i aa o ouu o ao u oeeo aai a aiiu e aa aia o ai e aau o a io uu ooo a ii i i a e <EOS>,<BOS> 心像 放映 私 に 心 を 見せ て くれ 心像 放映 火星 の 果て から 声 が する 心像 放映 映像 を 夢 に 注い で くれ 心像 放映 太陽 も 青く 塗りつぶし た きっと また あなた は 優しく なっ て 私 に 花 を 贈る の だろ う それでも 私 は さびしく て また 涙 を 裂い て 笑う の だ 凛と 澄む 心 が 一 人 に なっ て <EOS>
<BOS> iu e iu ai o u <NAN> iui iu ai ai i oe e iu <NAN> oe e i a ao o a <NAN> ao o a iu ae oo ai o <NAN> oo ai o iau ui aaa <NAN> iau u e <NAN> aiuu a ao i aa a <NAN> aiuu o i aa a <NAN> ooiae au a au ae i <NAN> ooiae au a e iau ae i <NAN> ou o aoi i io u e e <NAN> aoi i io u e e uii a <NAN> uii a o ie ai aa <NAN> ie ai aa ao o a <NAN> ao o a ie e ia a <NAN> ie e i a <NAN> oo ao a uae o e i a e iui a oo i ii a oo i o i ai ae oue au ou i oi e iu oo a iu o uai e uu a ao o iai o aua a uia aa ii <EOS>,<BOS> 沈ん で いく 街 の 中 ( 沈み 行く 街 並み に 溶け て いく ) 溶け て いっ た あの 子 は ( あの 子 は いつ だって その 髪 を ) その 髪 を 小さく 結い ながら ( 小さく 結っ て ) 退屈 な 顔 に 笑っ た ( 退屈 そう に 笑っ た ) 思い出せ なく なっ ちゃう 前 に ( 思い出せ なく なっ て しまう 前 に ) 僕 と 遊び に 行こ う ぜ って ( 遊び に 行こ う ぜ って ついに は ) ついに は もう 言え ない まんま ( 言え ない まんま あの 子 は ) あの 子 は 消え て いったん だ ( 消え て いっ た ) この 感情 は 生まれ 持っ て い た って 気付い た 頃 に 君 は 何処 に も い ない なんて 寄る辺 なく 夜 に 落ち て いく ここ は 一瞬 を 繋い で 作っ た 過去 と 未来 の 僅か な 隙間 カーマ シティ <EOS>
<BOS> iai a iai a aaa a iai a oo a e ie e iae a ii iai a aaa a ue iai a oe oo e ae o aao a o ao u aaa o oi o oi a oia o oai e au o a aea a oe a au uoa i a aa a uui o iiu ue aai iu aa o o uu ue e oo a e ie a ia e aau iui aa ui ooa e e oe o ooe e <NAN> ie oo ao e io u e <EOS>,<BOS> 嫌い だ 嫌い だ あなた が 嫌い だ 何処 か へ 消え て しまえ ば いい 嫌い な あなた は 風船 みたい だ どうせ どこ へ まで も 空っぽ な の だろ う あなた の コイン の 表裏 は どちら も 同じ で ある よう だ アンテナ が 折れ た ダンス フロア に は 安価 な つくり の ビニール 風船 ばかり いる かた っぽ の 靴 脱げ て 何処 か へ 消え た 光っ て 回る 地球儀 から 振り 下ろさ れ て 声 を 揃え て 慄 いで ちょっと 遊ん で 行こ う ぜ <EOS>
<BOS> aaae a oe a au o aaiu e o ie u aa aaai e i a oa ooa o oa eui o ai ai ai iai a oo i aa ou o ue i a aai a uiui a aa aae ai  a io o oe o ai a aoi e o auai a ue aaa oou oo ai o uo a a o oe oi <NAN> a a ei a uo ie o a aioi aa i ou ia e ai a aaa i a oo eai o iooi a o ieu o a ii au e o o i e o oai a oae o e aa oaa a uee a aaa o ooioi aaiu e iaa a ooi o uee aaa a ue a ueeo uaua ua e e uai aoi iai ui oiii ooa i uu o o aai i uu o o oo oe o a aoi aa au e aa e o iue a uuo aaa a uo <EOS>,<BOS> 現れ た それ は 春 の 真っ最中 え も 言え ぬ まま 輝い て い た どんな 言葉 も どんな 手振り も 足り やし ない みたい だ その 日 から 僕 の 胸 に は 嵐 が 住み着い た まま 離れ ない ん だ 人 の 声 を 借り た 蒼い 眼 の 落雷 だ 揺れ ながら 踊る その 髪 の 黒 が 他 の どれ より 嫋 や か でし た すっと 消え そう な 真っ白い 肌 に よく 似合っ て まし た あなた に は この 世界 の 彩り が どう 見える の か 知り たく て 今 頬 に 手 を 伸ばし た 壊れ そう で ただ 怖かっ た 全て は あなた の 思い通り 悲しくっ て 散らばっ た 思い も 全て あなた が くれ た プレゼント ゆらゆら 吹か れ て 深い 惑い 痛み 憂い 恋しい 言葉 に する の も 形 に する の も その どれ も が 覚 束 なくっ て ただ 目 を 見つめ た すると あなた は ふっと <EOS>
<BOS> uoi eo aaa i uae au e ooa o ooe a  a ooo e ueu o a a o a o ueii a ou aa aaa i eau ae uae e i a  a e iiua o e u ii o o ii o uiie e oaaa ai e ou o ua e ooaa oe e ui o uo e oaia oe e ai o ua e ooo a aeaa a eaeo u aau o ue e aaii oo o au ao u eo ii o eoo o aai i io u aaa o uae ai aia o ae i aia o aui e a <EOS>,<BOS> 少し でも あなた に 伝え たく て 言葉 を 覚え た ん だ 喜ん で くれる の か な そう だ と 嬉しい な 遠く から あなた に 出会う ため 生まれ て き た ん だ ぜ 道草 も せ ず 一 本 の 道 を 踏みしめ て 怖がら ない で 僕 と 歌っ て そのまま 超え て 海 の 向こう へ おかしな 声 で 愛 と 歌っ て 心 は 晴れやか さあ 出かけよ う 砂漠 を 抜け て 悲しい こと も ある だろ う けど 虹 の 根元 を 探し に いこ う あなた と 迎え たい 明日 の ため に 涙 を 隠し て は <EOS>
<BOS> a a a ooi ao u a oi ioi e a ai a aa a ooii oo o aai e aai eo o uii o ie aa o aa i au uo aoi iai a ue e iu o a ae ae ooo a ooi aue ae ai oo aai aiai oae o aaa a oo ai <NAN> aaa a oo ai <NAN> eaa o uiai a <NAN> aiai oae o ao a oo ai ai e ie e io aa e ie e io o aia e ai o a aaiu au aa iue e i au a ai eeo <EOS>,<BOS> さぁ さぁ さぁ 踊り ましょ う か とり 急い で は 脚 が 絡ん だ 騒々しい 音 を 晒し て 赤い 瑪瑙 と 積み木 の 家 欄干 の 傍 に 立つ 虚 青い 光 が 抜け て いく よう だ 誰 だって 心 が 重い 忘れ られ ない こと ばかり やいやい お前 の 頭 は どこ だい ？ 頭 は どこ だい ？ 目玉 と くちばし は ？ やいやい お前 の 感情 は どこ だい 泣い て 見せ て みろ 笑っ て みせ て みろ よ 愛さ れ たい の は 悲しく なる から 見つめ て い たく は ない けれど <EOS>
<BOS> aui e i a o a aau o aa ou i ie a oo aa ii o ai e i a ooi eiea aa e ie a oo e io u a ui iai i ua a oe a a ue a oo e io a ii a ai o ioi a ei aoi o ue a oai a oo i oua a uui a aoi o uei o aei i au oo uo iai a iai o oou euau au o o aaaii oo aaii iai auaii uai ii e i a oua o oe a ou ou ae ooi aa ii a ae o i ai iai e oi a ou a oua o ooe e i au o i auiu e a e o oi a  a ae a aa o aoi aaa <EOS>,<BOS> 歩い て い た の は 砂漠 の 中 遠く に 見え た 東京 タワー 君 の 抱い て い た ボロい テディベア 笑っ て みえ た どこ へ 行こ う か 海 みたい に 砂 は 燃え た か つて は ここ で 人 が 生き た 先 を 急い だ 英 智 の 群れ が 壊し た もの に 僕ら は 続い た 惑い も 憂い も 化石 に なる ほど 嘘 みたい な 未来 を 想う 切なく なる の も 馬鹿らしい ほど 優しい 未来 恥ずかしい くらい 生き て い た 僕ら の 声 が 遠く 遠く まで 届い たら いい な 誰 も い ない 未来 で 起き た 呼吸 が 僕ら を 覚え て い ます よう に 眩しく て さ 目 を 閉じ た ん だ 枯れ た 川 を 辿り ながら <EOS>
<BOS> ui a oo a uuau ai iai a oo a aua ue a ao i iiu uo o i e i a ia o eaa o i e i a ii ai oo a aa ue e ie ai oo a aua ue a oa a iou oo i i e i a ou i ao u o uu aai <NAN> oo i o ie ai aai o o uu <NAN> eu i ooe e ue o i e i a auuu i uee o oio e <EOS>,<BOS> 好き な こと が 少なく なり 嫌い な こと が 沢山 増え た 窓 に 滲む 雲 を 見 て い た 皆 の 背中 を 見 て い た 言い たい こと が だんだん 増え て 言え ない こと が 沢山 増え た 空 が 濁る 頃 に 見 て い た 夜 に なろ う と する ばかり 「 何処 に も 行け ない 私 を どう する ?」 眩暈 に 溺れ て 夢 を 見 て い た 白昼夢 に 全て を 押し込ん で <EOS>
<BOS> ooia o ao aa ioai aa aae e i a oua a oo e io u a aia o ou e uaia a ooa o auae e ou o ooe e aie aie o e aia e a o aa ai aei uiaei uae ou uo e eou oua a a aioo i au o a a aoi iu iai e i a <EOS>,<BOS> 踊り場 の 窓 から 人並み から 眺め て い た 僕ら は どこ へ 行こ う か 階段 の 途中 で 不確か な 言葉 を 携え て 呼吸 を 揃え て 初め まして そん で 愛さ れ た の なら 大 歓迎 繰り返し 向かえ 遠く 向こう へ 結局 僕ら は さ 何者 に なる の か な 迷い 犬 みたい で い た <EOS>
<BOS> ai a <NAN> ueu ou ae a aia i oe e aue e i a ia e a ooo aeaai uai o iuea ai a oo i i a uo a ooo aai uou au aai i ai o uaai a io aae e aieu uaaa a <NAN> aa a ue o oo aau ooo ai ou o o e iu o a iaa a i ae a uiau iai i oi ua e ie e i a ooo i ueu ai o aai o aae oaa oeo aaaau ae a a ia i iua e uuai ooo iai e o <NAN> <EOS>,<BOS> 街 が びしゃびしゃ 濡れる 夜 まで は 確か に 声 で 溢れ て い た 今 で は およそ 耐え難い くらい の 静けさ 達 が ここ に 居 た 不遜 な 心 ばかり 強く なる 私 に 愛 を ください な いっとう 重ね て 弾ける 泡沫 さ びしくなってどうしようもない 真赤 な 笛 の 音 はしゃぐ 子供 たち 遠く の ほう へ 行く よう だ 俄 か に 雨 が 降り出す みたい に 通り すがっ て 消え て いっ た おどろ に 揺れる マッチ の 灯 を 抱え どうやら とても 暖かく 何故 だ か 嫌 に 静か で 煩い 心 満たし て よ ! <EOS>
<BOS> ae a a iiu e au oo o ae o a uue ai ao e ii a ia oo i o ie ai e ii o ooi e i a  eo u oai aaiae o oo o ii o uuie e iau aa iaua uao i ii e i a oe ae o oo a a oi iae o ai uaa a eae i a ao ooa i aoaa e ai e oue oe a eai o uee a ai <NAN> ioe e iu <NAN> iu eo oo i oie o e oa ua ooi aa ao a ii iai <EOS>,<BOS> 誰 か が 歪 で ある こと を 誰 も が 許せ ない 場所 で 君 は 今 どこ に も 行け ない で 息 を 殺し て い た ん でしょ う どんなに 当たり前 の こと も 君 を 苦しめ て しまう から ひたすら 素直 に 生き て い た それ だけ の こと だっ た のに いわれ の ない 噂 や 穢れ きっ た あの 言葉 に 惑わさ れ ない で おくれ それ が 世界 の 全て じゃ ない ソングフォーユー 聴こえ て いる ？ いつ でも ここ に おいで よ ね そんな 歌 届い たら あと は 君 次第 <EOS>
<BOS> oo ai a oo ai a uae e i a aa e ii o au aia e ai aia e ai ooa u i iaa a ue o o i <EOS>,<BOS> この 街 は この 街 は 生まれ て き た まま で 意味 も なく 愛さ れ たい 愛さ れ たい そこら じゅう に 散らばっ た 夢 の よう に <EOS>
<BOS> aa iai a ue o aaa ai e ii e oii i a ueu ae i aai e oi ai ii iai i aaiu ai ai ae iou oe a aeiu ao uoi ae ooo o oo aa ueau ae ii o uaa e i ai ae <EOS>,<BOS> バカ みたい な 夢 を 笑わ ない で 聞い て ほしい 日 が 暮れる 前 に 話し て おき たい 君 みたい に 優しく なり たい だけ 祈る 声 は 激しく あと 少し だけ 心 の 底 から 触れ合う まで 君 と 繋がっ て い たい だけ <EOS>
<BOS> ai o aaa e ii o u a aaa a ai a uee aa e ia a ua a oi a eiau a oi a oei a aa i io o ai e o ai o a oo o ai o ae e uoe ai ii e o oi uiu aai i ieaa ai oui i aaaa ai iio o aei ai oo ei o ai e ooo a iu uou oo eia o ou e ooa a iu uau <EOS>,<BOS> 街 の 真ん中 で 息 を 吸っ た 魚 が 泣い た 全て 変わっ て しまっ た 砂 が 落ち た 生活 が 落ち た 透明 な 朝 に 心像 と 何 で も ない よう な 情操 を 愛 を 食べ て 動け ない 君 へ と 大き すぎる 灯り に 逃げ出さ ない 憔悴 に 抗わ ない 日常 を 返し たい その 献身 の 先 へ 心 は 行く 強く その 諦観 の 奥 へ 言葉 は 行く 深く <EOS>
<BOS> a ieaiu oo o ou oo o i o ooa a oe e iu o ai aa ai e aia e e ai ae oio eu oa ai a ao i o oo o ooe a a uooe iai e e a aeu o ai aa ai e aia e e ai ae oi aa e o i ii ai ooa e a oua a oio i a e io ai a oi a o aue ae ai aa e iu ooa a i oaae o ooe ai a o a ua o ia ie ii o i i ii e aui aua e ao u <NAN> <NAN> aaa ooiae ai o a oe iiu o aia o ii o uee e aua i e au eiai oa o a <NAN> o o e uau ae eio uai eu o a iuue e ai o ooi e i ai <EOS>,<BOS> ああ 煮えたぎる 喉 の 奥 どんど ろ りん と 言葉 が 溶け て いく もう 愛 から 愛 へ 愛さ れ て 愛 まで 脳みそ 全部 そんな 感じ ああ あの 日 の こと を 思え ば 真っ 黒焦げ 痛み で 目 が 冴える もう 愛 から 愛 へ 愛さ れ て 愛 まで 年 がら 年 も 引っ 切り なし 呪わ れ た 僕ら は 虜 に なっ て きっと 愛 だ 恋 だ を 忘れ られ ない まま で いる 愚か さ に 囚われ もう 戻れ ない な そう さ 修羅 の 庭 にて 君 と 二 人 きり で 殴り 殴ら れ 乱闘 中 ! ベイビーベイビビアイラービュー さらば 思い出せ ない よう な 呆然 自失 の 毎晩 を 君 の 全て で 爆破 し て 単純 明快 こんな もん だ スッカラカン の 脳 で 歌う たって 迷妄 醜態 全部 そう だ ひっくるめ て 愛 を 注い で い たい <EOS>
<BOS> aai aaa i ae e ooi ueii o iaai ae o o i oea uee a aaii  a ia iai uai iaae a ooie a iua uu o aae o oae e auu ae a o iao o uai iiu uai aa o aai a iioo i eo ae a aai iaa o i aa aiai o oaoi o ai o a e aaa ae o ia ai aa e aaa i aai o ooi a eu uaa e oii oi ae i o ie ai iiu a a e uo o ui e iau o a aaa a ooe a oou oi iuu o aai a iui ai oi oie oie oie ie ai aaii o oooi o aaa o ie a oee oa a e o aaeu o a <EOS>,<BOS> あたし あなた に 会え て 本当に 嬉しい の に当たり 前 の よう に それら すべて が 悲しい ん だ 今 痛い くらい 幸せ な 思い出 が いつか 来る お 別れ を 育て て 歩く 誰 か の 居場所 を 奪い 生きる くらい なら もう あたし は 石ころ に でも なれ た ならい いなだ と し たら 勘違い も 戸惑い も ない そう やっ て あなた まで も 知ら ない まま で あなた に あたし の 思い が 全部 伝わっ て 欲しい のに 誰 に も 言え ない 秘密 が あっ て 嘘 を つい て しまう の だ あなた が 思え ば 思う より いくつ も あたし は 意気地 ない のに どうして どうして どうして 消え ない 悲しみ も 綻び も あなた と いれ ば それで 良かっ た ね と 笑える の が <EOS>
<BOS> aaa a aii e ue ai aa aai a ii eu ii ae ai a iaaa oo e o ie ai aa iei a oi i eo ai ai a ae oe oea i au uo i a ii ii aa aa ai  a aa aeae uaa u ii e i a o a eo o a aiii a uou i i a e aaii e iiu ou i a e <EOS>,<BOS> あなた が 愛し て くれ ない なら あたし は 生き てる 意味 なんて ない わ 今更 どこ へ も いけ ない なら きれい な 鳥 に でも なり たい わ 誰 それ 大げさ に 吐く 嘘 に は 易々 耳 なんか 貸さ ない ん だ から 誰彼 すがら ず 生き て き た の だ けど 今日 は 寂しい が 募る 日 に なっ て 悲しい で 満ちる 夜 に なっ て <EOS>
<BOS> oo oau a eu i ae a iu o e e e o eai e ui e ui e aa <NAN> ou a a o o ai e aa aia aau auo o <NAN> ou o oe o aaa a aao iuo aiei a iu a u i aia e ai o ea e i ai uo oeu o eu i uoa ai aa o o aia i oa o aia o ea au aa iai i ou o ue ie aai o aaa u i <NAN> u o oo o uo e aau  a ou a uei a oo a u o e i a ie ai ao u eo oa oa e ua e a oi uu uei e a <EOS>,<BOS> ちょっと 病弱 な セブン ティーン 枯れ た インク と ペン で 絵 を 描い て 継い で 接い で また マザーグース 夜 は 何 度 も 泣い て また 明日 回る 発条 の アンドロイド 僕 の 声 と 頭 は がらんどう いつも 最低 な 気分 さ 君 に 愛さ れ たい と 願っ て い たい ずっと 病欠 の セブン ティーン 曇ら ない まま 今日 を 空き缶 に 空 の 雷管 と ペーパー バッグ 馬鹿 みたい に 呼吸 を 詰め 入れ たあい も 変わら ず に アンドロイド 君 を 本当 の 嘘 で 騙す ん だ 僕 は 幽霊 だ 本当 さ 君 の 目 に は 見え ない だろ う けど そんな こんな で 歌っ て は 行進 する 幽霊 船 だ <EOS>
<BOS> e <NAN> aaa o iu oo a io ua ui e oeoe o uu a oie e oo o ooa oo euau o aeu ao iuie eiau a eiau a eiau a o a e a ae oo o eo a ai ai u ae i eu a ai uei a ooa aa oae e ie e <NAN> o a e aa ai iai e a ooeui o ae i io u ooa o ui i uiue e ieiaau o a aui ui a oa a oa a oa a o a e a ae oei o oo a ai a a <NAN> uai ii a ouoi iuo a oo o iu ei a o a aie a aie a eau a oou ooa o u o uu oo a oo o iuau o a aa i i a ioio u i uu ooa o aa a oi e iu <NAN> <EOS>,<BOS> ねぇ 、 あなた の 言う こと は 思慮 深 すぎ て 惚れ惚れ と する わ 教え て よそ の 言葉 その 哲学 の 帰る 場所 について 脆弱 だ 脆弱 だ 脆弱 だ そう やっ て なん だって 情操 と 節操 が ない ない つ だって 言っ てる じゃ ない 素敵 な 言葉 また 唱え て 見せ て ! そう やっ て また 吐き 散らし て さ 堂々巡り も やめ に しよ う 言葉 を 杭 に 打ち付け て 見せびらかす の は 悪い 趣味 だ 傲慢 だ 傲慢 だ 傲慢 だ そう やっ て なん だって 証明 と 論法 が ない な ああ 、 つまり 君 は もう少し 必要 な こと を 知る べき な の さ 大変 だ 大変 だ 険悪 だ 甲乙 言葉 の 銃 を 撃つ 両方 が 両方 を 見下す もん だ から 二 人 は いよいよ 宙 に 浮く 言葉 の 弾丸 が 落ち て いく ラララ <EOS>
<BOS> e oie <NAN> o a e aai o oo aa i i e aai a oa auae oa aaeo u o uu o <NAN> oo aiai i iie a ooi a ai e i e o io o ai ioi i au e aa e ai o <NAN> ioa io e ii aue a ai o aui a e ioua ai aai a aiio oo e ie a ii o <NAN> iu o ui a o i ii e ie a ii e i e iu au a oi a aue au  a iuo iuo iuo ooiai au o ai o a oo a iu ae o ie ai a uaua o aaa o aa iou o eii a ua u i aa ooiai a oaa a oi aaa a oi ae o ii e ue aa a oi aaa ae a oo oe ae a <EOS>,<BOS> ねえ どうして 、 そう やっ て あたし の こと 馬鹿 に し て 優し さ とか 慰め とか 与えよ う と する の ？ その 度々 に 惨め な 思い が 湧い て き て どう しよう も ない 気持ち に なる って わかっ て ない の ？ 色んな 色 で 満ち 溢れ た 街 を 歩い た って 色づか ない あたし は 灰色 どこ へ 行け ば いい の ？ 自分 の 好き な よう に 生き て いけ ば いい って 知っ て いる 筈 な のに さ 忘れ ちゃう ん だ いつも いつも いつも 思い出し たく も ない よう な こと が いつ まで も 消え ない な ぐしゃぐしゃ の 頭 の 中 一つ も 整理 が つか ず に また 思い出し た 怖かっ た のに 辛かっ た のに 誰 も 信じ て くれ なかっ た のに あなた だけ が その 声 だけ が <EOS>
<BOS> ooia o ao aa ioai o aae e i a oua a oo e io u a aia o ou e uaia a ooa o auae e ou o ooe e aie aie o e aia e a o aa ai aei uiaei uae ou uo e <EOS>,<BOS> 踊り場 の 窓 から 人並み を 眺め て い た 僕ら は どこ へ 行こ う か 階段 の 途中 で 不確か な 言葉 を 携え て 呼吸 を 揃え て 初め まして そん で 愛さ れ た の なら 大 歓迎 繰り返し 向かえ 遠く 向こう へ <EOS>
<BOS> aa a oo ua o ooe e ai ia oi o o ai oo aiai e iai aaa o aa ei <NAN> i e ia a o a eiau a ii o aa a aa ia ao o ai o a io i aa  oo a oo a ae aaa ai aa e iu oie e o e ie ai aa oio a ooa o uue o a oe a iua i i aae e a aaa i oeou o ao u a uo e o uai e i a uo aaaaii oo aai a i i a e iaa o iaui a  a <EOS>,<BOS> 簡単 な こと すら もう 覚え て ない 今 どうし よう も ない ほど 間違い で いっぱい 頭 の 中 ペンキ 溢 し て しまっ た の さ 明確 な 意志 も なかっ た なら 今 感情 も なに も が 信用 に なら ん ここ が どこ か さえ わから ない まま で いる 教え て よ ねえ 言え ない まま 飲み込ん だ 言葉 の 行方 を さあ それ は いつか 血 に 流れ て は 体 に 溶け込む の だろ う か ずっと 目 を 塞い で い た ずっと 馬鹿馬鹿しい こと ばっかり やっ き に なっ て 今や っと 気がつい た ん だ <EOS>
<BOS> uoi eo aaa i uae au e ooa o ooe a  a ooo e ueu o a a o a o ueii a ou aa aaa i eau ae uae e i a  a e iiua o e u ii o o ii o uiie e oaaa ai e ou o ua e ooaa oe e ui o uo e oaia oe e ai o ua e ooo a aeaa a eaeo u aau o ue e aaii oo o au ao u eo ii o eoo o aai i io u aaa o uae ai aia o ae i <EOS>,<BOS> 少し でも あなた に 伝え たく て 言葉 を 覚え た ん だ 喜ん で くれる の か な そう だ と 嬉しい な 遠く から あなた に 出会う ため 生まれ て き た ん だ ぜ 道草 も せ ず 一 本 の 道 を 踏みしめ て 怖がら ない で 僕 と 歌っ て そのまま 超え て 海 の 向こう へ おかしな 声 で 愛 と 歌っ て 心 は 晴れやか さあ 出かけよ う 砂漠 を 抜け て 悲しい こと も ある だろ う けど 虹 の 根元 を 探し に いこ う あなた と 迎え たい 明日 の ため に <EOS>
<BOS> ii a ai o au ae o i i ou i ue a oaoi oe a ia o aaai a aa ii a ai i e e i a ia a oo e ai o i e iu a a iai aa i e i ai ii o oo a aa a ii a oou oi o ii a ou o ii o ae a  a i i e iu ou o ai a aai ooi ii ae oo eai o uee o eae a o a iu ii e oo o ii i ooa a aa oao u o ooe a iaaau a i oae e iau oo o <EOS>,<BOS> 君 が 街 を 発つ 前 の 日 に 僕 に くれ た お守り それ が 今 も 輝い た まま 君 は 旅 に 出 て いっ た 今 は 何処 で 何 を し て いる か な 心配 なんか し て い ない 君 の こと だ から な 君 が 思う より も 君 は 僕 の 日々 を 変え た ん だ 二 人 で いる 夜 の 闇 が あんなに 心地 いい なんて この 世界 の すべて を 狭め た の は 自分 自身 って こと を 君 に 教わっ た から 壊そ う と 思え ば 瞬く 間 に 壊せ て しまう もの を <EOS>
<BOS> iaa au e uai e iu oo a iu eo a e iu ioi oe a io i aa e iu ioi o oue o eio o ioi aia e e a u i ua a ue o ao aai e ua eu i ou o aaua a ai aa aa e ooe eu e e aaa o uai e ieai a ao o o aai e o ii ae  a ea o iiai oeu o uui ueu o o aea e ai e o ai o a iiu uu e i i a oa a i a e oeo uau ae oi a oo ui o iai e ia a oo iaa au e uai e iu iuaa ai aa ai e iu ioi <EOS>,<BOS> 小さな バス で 暮らし て いる 少女 は いつ でも 待っ て いる ひとり 呆け た 色 に 変わっ て いる 緑 の 木目 と 蛍光 灯 ひとり 愛さ れ て は 宙 に 浮かん だ 夢 の あと 探し て 歌っ てる ピン ホール の あやふや な 写真 ばっか 並ん で 凍え てる ね え あなた と ふたり で 逃げ出し た あの ほ の 灯り へ と 行き ませ ん か 煉瓦 の 短い トンネル を 潜り 抜ける の を ためらっ て 何 で も ない よう な 秘密 つくっ て 二 人 は 共犯 者 に なっ て とても 深く まで 落ち た こと 口 を 開い て しまっ た こと 小さな バス で 暮らし て いる 見つから ない まま 泣い て いる ひとり <EOS>
<BOS> ae o ae o uu aai o ou e ei a uie i ua e iu aai a uui e oi <NAN> o uo ioi e aae e ua e a o a aaa a oo aiaiiu oaui i ue aeuu ao u oo oi a io eao e io u a o ioo aue u o i aai i ue a uaiu a aa iiia u uiaei a oi a aaa a oie ai o ia ai e iaua i aaau o ao u aaiu e ua o uau o a <EOS>,<BOS> 雨 と 風 の 吹く 嵐 の 途中 で 駅 は 水面 に 浮かん で いる 轍 が 続い て 遠い 靄 の 向こう ひとり で 眺め て 歌っ て は そう だ あなた は この 待合室 土砂降り に 濡れ やってくる だろ う その とき は きっと 笑顔 で いよ う か もう 二度と 忘れ ぬ よう に わたし に くれ た 不細工 な 花 気に入ら ず 突き返し た のに な あなた は どうして 何 も 言わ ない で ひたすら に 謝る の だろ う 悲しく て 歌 を 歌う よう な <EOS>
<BOS> iaa au e uai e iu oo a iu eo a e iu ioi oe a io i aa e iu ioi o oue o eio o ioi aia e e a u i ua a ue o ao aai e ua eu i ou o aaua a ai aa aa e ooe eu e e aaa o uai e ieai a ao o o aai e o ii ae  a ea o iiai oeu o uui ueu o o aea e ai e o ai o a iiu uu e i i a oa a i a e oeo uau ae oi a oo ui o iai e ia a oo iaa au e uai e iu <EOS>,<BOS> 小さな バス で 暮らし て いる 少女 は いつ でも 待っ て いる ひとり 呆け た 色 に 変わっ て いる 緑 の 木目 と 蛍光 灯 ひとり 愛さ れ て は 宙 に 浮かん だ 夢 の あと 探し て 歌っ てる ピン ホール の あやふや な 写真 ばっか 並ん で 凍え てる ね え あなた と ふたり で 逃げ出し た あの ほ の 灯り へ と 行き ませ ん か 煉瓦 の 短い トンネル を 潜り 抜ける の を ためらっ て 何 で も ない よう な 秘密 つくっ て 二 人 は 共犯 者 に なっ て とても 深く まで 落ち た こと 口 を 開い て しまっ た こと 小さな バス で 暮らし て いる <EOS>
<BOS> uaa ae ae a o ai o ae i aei e i a oi o o i o e iu ao uo i aoae e auae o oiua ai ii i ii oa o ae iu i iu o aae e aa ae a a ai e iu ou o oo i aa o ui i oo iiu ua a au o ou oe a ioe aa oe a ae i au uo ae a ui e i a ao oo aa aaa u aa ii o ae aa a oo e eo io u oa o ae e <EOS>,<BOS> 翼 さえ あれ ば と 灰 を 前 に 嘆い て い た 鳥 の よう に 飛ん で いく あの 雲 に 憧れ て 慰め も 追いつか ない 一 人 きり 空 の 果て 傷 に 傷 を 重ね て まだ 誰 か が 泣い て いる 夜 の 底 に 朝 の 淵 に こそ 響く 歌 が ある と 呼ぶ 声 が 聞こえ たら それ が 羽 に なる ずっと 風 が 吹い て い た あの 頃 から 変わら ぬ まま 君 の ため なら ば 何処 へ でも 行こ う 空 を 駆け て <EOS>
<BOS> uue e i a o a ii o e a ou o e o o a ai o aio a ae i eaa e e aieu ou i oua a aa ooa i ai au e eoi o i e iuau a ooa o aai a e aai a a  a i i e a aa ieu o e iu o uio e ae o ia ai auou o aai a e oua aui e iu  a oea a oo i ai o uau o aaii ua o uiuuu o i aiai a uui o aiai aai iai a a <EOS>,<BOS> 震え て い た の は 君 の 手 か 僕 の 手 の 方 か 街 の ライト が 雨 に 照らさ れ て 弾ける 夜 に 僕ら は ただ 大人 に なり たく て 背伸び を し て チグハグ な 言葉 を 交わし あっ て 笑い あっ た ん だ 二 人 で だっ たら 行ける よ ね 地球 の 隅っこ へ 誰 も 知ら ない 約束 を 交わし あっ て 僕ら 歩い て 行く ん だ 大げさ な ほど に 愛 を 歌う よ 悲しい 歌 を 塗りつぶす よう に 曖昧 な 作り の 間違い 探し みたい だっ た <EOS>
<BOS> <NAN> oo ai a oe e auau ae a oa i i e <NAN> o i a ie ae e oo a eio o o ia e aaae e a ieu euu o oai e oo a ao a ia i e i ui e aaeu oo e ii o aiae a o a iuia a <NAN> oai o ou aua a ai ei aa a ai aaae e a ieu o oou uau o a <NAN> oaoi aau <NAN> o oou e o ae a aii u uau auo o uo oiio aaii e ue o ou uue ai <NAN> a o oiai i io u e <EOS>,<BOS> 「 この キャンディ が 溶け て なくなる まで は そば に い て 」 と 言っ た 切れ かけ で 点っ た 蛍光 灯 の 下 で 現れ て は 消える テーブル を 焦がし て 残っ た 跡 が 嫌 に 目 に 付い て 笑える どこ で 道 を 間違え た の か 見失っ た ポラリス 航海 の 途中 悪魔 じゃ ない 天使 なんか じゃ ない 現れ て は 消える よう そろう 向かう の は ホロウ お守り 賜う セントエルモ よう そろう 目 の 前 は 最深 部 ブラック アウト の 向こう もう一度 悲しみ で 船 を 漕ぐ 救え ない ビリーバーメロドラマ は もう おしまい に しよ う ね <EOS>
<BOS> o a e aai a e ie ae ai ai o ae iai i e i a e o io o ai a a oa ieao u e aiae o oai o e io auiau o u o auae e ai a eo a ii  a o ae ae oooeu iai a a oa oo o ooi aaa ou a uo ii e iu o a iua oi ou o ooo a ae i iaa e a o i a aa oo ua i ou a iiae o ii ai oa ia o oio e ie a ao i aa e iu uuu o a aa iou iu ae a oo aiuu o ai iii ou a <EOS>,<BOS> どう やっ て あがい た って 逃げ られ やし ない もん だって 理解 し て み た って どう しよう も ない さ あ 今夜 逃げ出そ う ぜ ありったけ の お菓子 もっ て きっと 役に立つ と 銃 も 携え て ハッピー な エンド が いい ん だ よ 誰 だって 喜べる みたい な さ そんな こと を 思い ながら 僕 は ずっと 生き て いく の か いつか もし 僕 の 心 が 完全 に 満たさ れ た と し た なら その 瞬間 に 僕 は 引き金 を ひき たい どんな 今 も 呑み込ん で いけ ば 過去 に 変わっ て いく 進む 方 は ただ ひとつ いつ だって さ この 退屈 を かみ ちぎり 僕 は <EOS>
<BOS> a a aiau i iai ae o oe o aua a iu e e oi uae a iii ae oa eu eu eu oi e ie ao o ia  o a o o ooa o o ua e iu o ai iuoai aa ui e aaaa uii ooi a <NAN> o a e ea oo aa <NAN> au au e ieai e ai aa oui ue ia e <NAN> uue oiu ao ou o oe ia aa a o aui e eio i <NAN> oooi e <NAN> <EOS>,<BOS> さあ さ 始まる 新 時代 まで の 声 も なくなっ た 幾 千 年 とうに 廃れ た 知識 なんて ほら 全部 全部 全部 置い て 行け 顔 も 知ら ん よう な そん 所 そこら の もう 腐っ て 死ぬ 古 キャンディ いつの間に やら 朽ち て ガタガタ 遂に 落っこち た エレベーターイエイ もう 三 千 年間 この まんま ! 這う 這う で 逃げ出し て 愛 なんか とっくに 売れ ちまっ て イエイ 進め ショッピング カート 僕 を 乗せ 今 なら ば お 安い ぜ 丁重 に ラッピング 施し て チューイングガム <EOS>
<BOS> aie a ooo oe ai e uai e <NAN> aa o o eu oai oai oioi auau oiai e i ai o <NAN> oio aaa o oe ae ai ai aiiaai a oa o io aauu e <NAN> e oi ao o o au a o eu oa o a oae a aa u a a o <NAN> a au oi o <NAN> a  e o ai a o a iai aii i e ii ae ai oa ou a ae a aa o ae a aio ai a o a iu ae ou ai a aaaa a o o aa aae e aaiooe uai oe o oioe a aa <NAN> uai aaii o e ai aiai <EOS>,<BOS> 大変 だ 心 溶け 出し て 辛い ねえ 、 あんた の 持っ てる 錠剤 頂戴 ドキドキ ワクワク 飛び出し て み たい もう 、 どうにも 体 を 止め られ やし ない 乱痴気騒ぎ だ 高架 の 下 アバンチュール で 、 めん こい あの 子 と 百 貫 の デブ とんま の ワン 公 は 散弾 銃 バン バン と 、 わん ぱく 盛り の チャンバラヤンキー な ん で も ない さ そう さ 痛み 回避 し て 生き られ ない こんな 夜 が あれ ば 朝 も あれ ば なんにも ない さ そう さ いつ だって 僕 たち は カラカラ だ 今日 も 腹 抱え て 笑い転げ つまり それ を 飲み込め た なら オーライオーライ 暗い 悲しい そ で ない 間違い <EOS>
<BOS> oo oo ioi ue o iu ooo o oo o uei aao o eui e ii a ioi ouau a uai ae o iaae ii ii ii ie uu uuu aea ai iuei ao a aia ae eia o eia e eo a e a ou ioeu <NAN> oi a ai a oai oe a aau ai <NAN> oae a uueu uai o ooa i ae a a a o ii ai a oai ooa e oiai e ae aae e ao ae i o iaa e au o a a aa o oe a e ii e iu iaa iae o ui <EOS>,<BOS> この 頃 ひどい 夢 を 見る 子供 の 頃 の 風景 煙草 の 煙 で 満ち た 白い 食卓 だ 腐り かけ の 幸せ 一 日 一 切れ ずつ 続く 絶え間 ない ヒステリー あと は 怠惰 だけ 平和 も 平和 で 反吐 が 出 た 遠く 聞こえる バーバラアレン どうし たん だい なあ 兄弟 俺 が わかる かい ？ お前 が 許せる くらい の 大人 に なれ た か な もう いい かい なあ 兄弟 ここら で おしまい で なんて 甘え て ちゃお 前 に も 嫌わ れ ちゃう の か な 肩 を 寄せ 合っ て 生き て いく 小さな 日陰 の 虫 <EOS>
<BOS> ou a uui e <NAN> o aaa e ioi oa i aa a iai e aai a oeu ou ooe a ua o ue oo o aiaau ao e ii o uio a ai iai uio a <NAN> ae a ae a ou o aai e oue aiii ou o iou iio e oue ou ou i o ae ae oou o i ou a eai e iu aa iu eo <NAN> ou a uui e <NAN> i aie e a ioi ae a io o e i iiau uiaai iuoaia oo a oi aa aau e o aai <EOS>,<BOS> ぼく は 古い 電 燈砂漠 の 真ん中 で ひとり 空 に 穴 が 開い て あかり が 漏れる 夜 凍え た 砂 の 上 墓標 の 立ち並ぶ 場所 で 息 を 吸い込ん だ 肺 いっぱい 吸い込ん だ 「 誰 か 誰 か ぼく を 探し て おくれ 寂しい 夜 を ひとつ 切り取っ て おくれ 遠く 遠く 地 の 果て まで 届く よう に ぼく は 照らし て いる から いつ でも 」 ぼく は 古い 電 燈埃 に 塗れ て は ひとり 枯れ た 井戸 の 縁 に 見知らぬ 首飾り いつのまにか ここ は 都市 から 砂漠 へ と 変わり <EOS>
<BOS> aaa o ooie aai o iu ai uou ai e iu  a o ou a oo ao iou ooa u uee o ii e iu o aiai a aui o oa e ae ai ai o a ao o i e oaoi aaa ui o ue a aaa o i e iu o aua o ii o eaeu oo ou i a ii ae aa a eo ooo o aaa o ooe e iu aaa o aa ii e i aeu oeaa oua a oo e io u <NAN> e ai oo ao u o io oai i aaa a iu aa oe ae e oueu a  a iu o i e aai a e iaua iai i ii e io u <EOS>,<BOS> あなた の 思い出 話 を 聞く 度 強く 感じ て いる ん だ よ 僕 は その 過去 一つ 残ら ず 全て と 生き て いる と 差し出し た ジャスミン の お茶 で さえ 泣き 出し そう な 顔 を し て 戸惑い ながら 口 を 付け た あなた を 知っ て いる よ 沢山 の 道 を 選べる ほど 上手 に は 生き られ なかっ た けど 心 も 体 も 覚え て いる あなた と なら 生き て い られる これから 僕ら は どこ へ 行こ う ？ ねえ ダーリン 何処 だろ う と きっと となり に あなた が いる なら それ だけ で 特別 な ん だ キス を し て 笑い 合っ て 悪戯 みたい に 生き て いこ う <EOS>
<BOS> iaa eo aai o <NAN> e e o eo <NAN> oeai eo <NAN> ii i ii io iae e ooe a o uoi eo <NAN> io a eai e <NAN> i iiu o a oeo uuaii o ui i i e ae aaai a a ooi ai <NAN> <EOS>,<BOS> 如何 でしょ あたし の ダンスダンスダンス ね え どう でしょ ？ それなり でしょ ？ 一 人 きり 見よう 見まね で 憶え た よ 凄い でしょ ？ 異常 な 世界 で 凡 に 生きる の が とても 難しい 令 月 に し て 風 和らぎ まあ まあ 踊り まし ょるるらったったったった <EOS>
<BOS> ai o aaa e ii o u a aaa a ai a uee aa e ia a ua a oi a eiau a oi a oei a aa i io o ai e o ai o a oo o ai o ae e uoe ai ii e o oi uiu aai i ieaa ai oui i aaaa ai iio o aei ai oo ei o ai e ooo a iu uou oo eia o ou e ooa a iu uau oa <NAN> u o uaau oo uee <EOS>,<BOS> 街 の 真ん中 で 息 を 吸っ た 魚 が 泣い た 全て 変わっ て しまっ た 砂 が 落ち た 生活 が 落ち た 透明 な 朝 に 心像 と 何 で も ない よう な 情操 を 愛 を 食べ て 動け ない 君 へ と 大き すぎる 灯り に 逃げ出さ ない 憔悴 に 抗わ ない 日常 を 返し たい その 献身 の 先 へ 心 は 行く 強く その 諦観 の 奥 へ 言葉 は 行く 深く ほら ー 君 の 疑う もの すべて <EOS>
<BOS> a e o oi a aa auiuae a oo aio o aa oo e io u o oua a iaa ooa i ae u oo e aa aia e oa aaii o iai ae oe eaae ai o aa a eu oo e e aiie e a oo aoae e aaeu a a ooa e a aa aai uae a oo eei o aa oo e io u o ii o uua ai oo o uue ai uia e aa aea e <NAN> iai <NAN> o uui ae aei o ai oe ae e iau o aa a oai aa ie e iae aa ii ei e ie ai aai o ai e <NAN> oai oei ao a euo i ai e uau eio euoeu o uo i uei a ai o o i e i a e <EOS>,<BOS> さあ 目 を 閉じ た まま 歩き疲れ た この 廃墟 を また どこ へ 行こ う そう 僕ら は 未だ 大人 に なれ ず 彷徨 って また 間違っ て こんな 悲しみ と 痛み さえ どうせ 手放せ ない の なら ば 全部 この 手 で 抱きしめ て は 情動 遊ばせ て 笑える さ さあ 呪わ れ た まま 笑い 疲れ た この 現世 を また どこ へ 行こ う もう 息 も 続か ない 喉 も 震え ない 失っ て また 躊躇っ て ｢ 嫌い ｣ を 吊るし あげ 帰り の 会 どうせ 負け て しまう の なら ば 弱い まま 逃げ て しまえ たら いい 消し て 消え ない 灯り の 先 へ シクシク 存在 証明 感動 や 絶望 に 泣い て 歌う 迷走 エスオーエス の 向こう に 救命 は ない の を 知っ て い た って <EOS>
<BOS> aaa o ooao a ai o io a iua a uue i aa e ie a uoi uu ai o oeo o aa io e o ui a aua o aa aaa a oa i i ai ou o oo e ia e oo iu o ia a o i a uaaai iaai a aia o aa ooe e aa a oo ao o aa ae o i ai ii aia ai ae ie ai ie ai a ioi e ii a ae aao u oe o ai e aaui iai iuie aiae e ooe e o oa i ieu o i aa e aa e aa e o a e io ao i aa a o i eai a uui aa e oo ea i aioe a uue ai uuu o <EOS>,<BOS> あなた の 横顔 や 髪 の 色 が 静か な 机 に 並ん で 見え た 少し 薄 味 の ポテト の 中 塩 っけ 多 すぎ た パスタ の 中 あなた が そば に い ない 夜 の 底 で 嫌っ て ほど 自分 の 小さ さ を 見 た 下らない 諍い や 涙 の 中 おどけ て 笑っ た その 顔 の 中 誰 も い ない キッチン 靡か ない カーテン いえ ない いえ ない な 独り で いい や なんて 話そ う 声 を 出し て 明るい 未来 について 間違え て 凍え て も そば に いれる よう に 笑っ て 笑っ て 笑っ て そう やっ て きっと 魔法 に かかっ た よう に 世界 は 作り 変わっ て この 部屋 に 立ちこめ た 救え ない 憂鬱 を <EOS>
<BOS> a u a a i a a  au  a au ai a a u a a i a a  au  a au ai a a u a a i a a  au  a au ai a a u a a i a a  au  a au ai a aa a io i iaa au aai a aio a oa o ue e aaa a iuo o o i eu e aai a aai o aa e iaua auu a oou o i io a aaa o ioi a iu ae iei e ooo o ou ae iuau o a oo uio ai a uuu eai e aai a oia ii e i au e iaua ooo i <NAN> o ai a aai a uu ei aaa i ie ai io i a o ooi o uaaa ai oeeo ai o aai o aae o <EOS>,<BOS> ら る ら ら り ら ら っ たる っ たっ たる らい ら ら る ら ら り ら ら っ たる っ たっ たる らい ら ら る ら ら り ら ら っ たる っ たっ たる らい ら ら る ら ら り ら ら っ たる っ たっ たる らい ら 真っ赤 な 林檎 に 小さな ランプ 灯り が 射し込ん だ ソファ の 上 で あなた は いつも の よう に 眠っ て あたし は 鏡 の 中 で ひたすら 悪夢 が 遠のく よう に 祈っ た あなた の 瞳 は いつ だって 綺麗 で 心 の 奥 まで 見透かす よう だ その 水晶 体 が 映す 世界 で あたし は どうにか 生き て み たく て ひたすら 心 に 檸檬 を 抱い た あたし は ゆう れい あなた に みえ ない ひと ひ ら の 想い も 伝わら ない それでも 愛 を あたし の 名前 を <EOS>
<BOS> <NAN> a a aiu uoi auauo o ue ua a aii u o ai aoi au ae o eai <NAN> oo a uauo o aa o uei aoio e a ai e i a o a oi oi uai <NAN> o o oi i iiua o aou oei ooou o o o oiue e ao aa o uoo e o aao o ai i ieu aa o aai e iu auaii uai ii ioi e i a oi oi uai oeai aa aa ooo i uae a oo ii o <EOS>,<BOS> Ah 馬 が 走る 黒い アスファルト の 上 荒ん だ 並木 風 も なし 香り だす 雨 の 気配 Ah 東京 は フラスコ の 中 の 風景 迷い込ん で は 泣い て い た の は 遠い 遠い 昔 Ah 光 の 澱 に 道草 を 誘う 亡霊 九つ の 門 を 通り抜け て あの 山 の 麓 へ と 空っぽ の 花瓶 に 活ける 花 を 探し て いる 恥ずかしい くらい 生き 急い で い た 遠い 遠い 昔 お願い ママ パパ この世 に 生まれ た その 意味 を <EOS>
<BOS> aa iai a ue o aaa ai e ii e oii i a ueu ae i aai e oi ai ii iai i aaiu ai ai ae iou oe a aeiu ao uoi ae ooo o oo aa ueau ae ii o uaa e i ai ae <EOS>,<BOS> バカ みたい な 夢 を 笑わ ない で 聞い て ほしい 日 が 暮れる 前 に 話し て おき たい 君 みたい に 優しく なり たい だけ 祈る 声 は 激しく あと 少し だけ 心 の 底 から 触れ合う まで 君 と 繋がっ て い たい だけ <EOS>
